Book,Source,Target,Status,Notes
Character's Codex,en-US/Characters_Codex/01_Introduction/Introduction.md,it-IT/Characters_Codex/01_Introduction/Introduction.md,non iniziato,
Character's Codex,en-US/Characters_Codex/02_How_to_Play/How_to_Play.md,it-IT/Characters_Codex/02_How_to_Play/How_to_Play.md,non iniziato,
Character's Codex,en-US/Characters_Codex/03_Creating_a_Character/Alignment.md,it-IT/Characters_Codex/03_Creating_a_Character/Alignment.md,non iniziato,
Character's Codex,en-US/Characters_Codex/03_Creating_a_Character/Ancestries/Ancestries/Dragonborn.md,it-IT/Characters_Codex/03_Creating_a_Character/Ancestries/Ancestries/Dragonborn.md,non iniziato,
Character's Codex,en-US/Characters_Codex/03_Creating_a_Character/Ancestries/Ancestries/Dwarf.md,it-IT/Characters_Codex/03_Creating_a_Character/Ancestries/Ancestries/Dwarf.md,non iniziato,
Character's Codex,en-US/Characters_Codex/03_Creating_a_Character/Ancestries/Ancestries/Elf.md,it-IT/Characters_Codex/03_Creating_a_Character/Ancestries/Ancestries/Elf.md,non iniziato,
Character's Codex,en-US/Characters_Codex/03_Creating_a_Character/Ancestries/Ancestries/Gnome.md,it-IT/Characters_Codex/03_Creating_a_Character/Ancestries/Ancestries/Gnome.md,non iniziato,
Character's Codex,en-US/Characters_Codex/03_Creating_a_Character/Ancestries/Ancestries/Halfling.md,it-IT/Characters_Codex/03_Creating_a_Character/Ancestries/Ancestries/Halfling.md,non iniziato,
Character's Codex,en-US/Characters_Codex/03_Creating_a_Character/Ancestries/Ancestries/Human.md,it-IT/Characters_Codex/03_Creating_a_Character/Ancestries/Ancestries/Human.md,non iniziato,
Character's Codex,en-US/Characters_Codex/03_Creating_a_Character/Ancestries/Ancestries/Mixed_Ancestry.md,it-IT/Characters_Codex/03_Creating_a_Character/Ancestries/Ancestries/Mixed_Ancestry.md,non iniziato,
Character's Codex,en-US/Characters_Codex/03_Creating_a_Character/Ancestries/Ancestries/Orc.md,it-IT/Characters_Codex/03_Creating_a_Character/Ancestries/Ancestries/Orc.md,non iniziato,
Character's Codex,en-US/Characters_Codex/03_Creating_a_Character/Ancestries/Ancestries/Tiefling.md,it-IT/Characters_Codex/03_Creating_a_Character/Ancestries/Ancestries/Tiefling.md,non iniziato,
Character's Codex,en-US/Characters_Codex/03_Creating_a_Character/Ancestries/Ancestries.md,it-IT/Characters_Codex/03_Creating_a_Character/Ancestries/Ancestries.md,non iniziato,
Character's Codex,en-US/Characters_Codex/03_Creating_a_Character/Backgrounds/Backgrounds/Acolyte.md,it-IT/Characters_Codex/03_Creating_a_Character/Backgrounds/Backgrounds/Acolyte.md,non iniziato,
Character's Codex,en-US/Characters_Codex/03_Creating_a_Character/Backgrounds/Backgrounds.md,it-IT/Characters_Codex/03_Creating_a_Character/Backgrounds/Backgrounds.md,non iniziato,
Character's Codex,en-US/Characters_Codex/03_Creating_a_Character/Classes/Adept/Adept.md,it-IT/Characters_Codex/03_Creating_a_Character/Classes/Adept/Adept.md,non iniziato,
Character's Codex,en-US/Characters_Codex/03_Creating_a_Character/Classes/Adept/Disciple_of_the_Open_Hand.md,it-IT/Characters_Codex/03_Creating_a_Character/Classes/Adept/Disciple_of_the_Open_Hand.md,non iniziato,
Character's Codex,en-US/Characters_Codex/03_Creating_a_Character/Classes/Adept/Disciple_of_the_Outcast.md,it-IT/Characters_Codex/03_Creating_a_Character/Classes/Adept/Disciple_of_the_Outcast.md,non iniziato,
Character's Codex,en-US/Characters_Codex/03_Creating_a_Character/Classes/Bard/Bard.md,it-IT/Characters_Codex/03_Creating_a_Character/Classes/Bard/Bard.md,non iniziato,
Character's Codex,en-US/Characters_Codex/03_Creating_a_Character/Classes/Bard/College_of_Fools.md,it-IT/Characters_Codex/03_Creating_a_Character/Classes/Bard/College_of_Fools.md,non iniziato,
Character's Codex,en-US/Characters_Codex/03_Creating_a_Character/Classes/Bard/College_of_Lore.md,it-IT/Characters_Codex/03_Creating_a_Character/Classes/Bard/College_of_Lore.md,non iniziato,
Character's Codex,en-US/Characters_Codex/03_Creating_a_Character/Classes/Classes.md,it-IT/Characters_Codex/03_Creating_a_Character/Classes/Classes.md,non iniziato,
Character's Codex,en-US/Characters_Codex/03_Creating_a_Character/Classes/Cleric/Cleric.md,it-IT/Characters_Codex/03_Creating_a_Character/Classes/Cleric/Cleric.md,non iniziato,
Character's Codex,en-US/Characters_Codex/03_Creating_a_Character/Classes/Cleric/Martyr_Domain.md,it-IT/Characters_Codex/03_Creating_a_Character/Classes/Cleric/Martyr_Domain.md,non iniziato,
Character's Codex,en-US/Characters_Codex/03_Creating_a_Character/Classes/Cleric/Sacred_Mandate.md,it-IT/Characters_Codex/03_Creating_a_Character/Classes/Cleric/Sacred_Mandate.md,non iniziato,
Character's Codex,en-US/Characters_Codex/03_Creating_a_Character/Classes/Dreadnought/Dreadnought.md,it-IT/Characters_Codex/03_Creating_a_Character/Classes/Dreadnought/Dreadnought.md,non iniziato,
Character's Codex,en-US/Characters_Codex/03_Creating_a_Character/Classes/Dreadnought/Path_of_the_Berserker.md,it-IT/Characters_Codex/03_Creating_a_Character/Classes/Dreadnought/Path_of_the_Berserker.md,non iniziato,
Character's Codex,en-US/Characters_Codex/03_Creating_a_Character/Classes/Dreadnought/Path_of_the_Dragon.md,it-IT/Characters_Codex/03_Creating_a_Character/Classes/Dreadnought/Path_of_the_Dragon.md,non iniziato,
Character's Codex,en-US/Characters_Codex/03_Creating_a_Character/Classes/Fighter/Brawler.md,it-IT/Characters_Codex/03_Creating_a_Character/Classes/Fighter/Brawler.md,non iniziato,
Character's Codex,en-US/Characters_Codex/03_Creating_a_Character/Classes/Fighter/Champion.md,it-IT/Characters_Codex/03_Creating_a_Character/Classes/Fighter/Champion.md,non iniziato,
Character's Codex,en-US/Characters_Codex/03_Creating_a_Character/Classes/Fighter/Fighter.md,it-IT/Characters_Codex/03_Creating_a_Character/Classes/Fighter/Fighter.md,non iniziato,
Character's Codex,en-US/Characters_Codex/03_Creating_a_Character/Classes/Full_Caster_Spellslot_table.md,it-IT/Characters_Codex/03_Creating_a_Character/Classes/Full_Caster_Spellslot_table.md,non iniziato,
Character's Codex,en-US/Characters_Codex/03_Creating_a_Character/Classes/Half_Caster_Spellslot_table.md,it-IT/Characters_Codex/03_Creating_a_Character/Classes/Half_Caster_Spellslot_table.md,non iniziato,
Character's Codex,en-US/Characters_Codex/03_Creating_a_Character/Classes/Ranger/Bounty_Hunter.md,it-IT/Characters_Codex/03_Creating_a_Character/Classes/Ranger/Bounty_Hunter.md,non iniziato,
Character's Codex,en-US/Characters_Codex/03_Creating_a_Character/Classes/Ranger/Hunter.md,it-IT/Characters_Codex/03_Creating_a_Character/Classes/Ranger/Hunter.md,non iniziato,
Character's Codex,en-US/Characters_Codex/03_Creating_a_Character/Classes/Ranger/Ranger.md,it-IT/Characters_Codex/03_Creating_a_Character/Classes/Ranger/Ranger.md,non iniziato,
Character's Codex,en-US/Characters_Codex/03_Creating_a_Character/Classes/Rogue/Assassin.md,it-IT/Characters_Codex/03_Creating_a_Character/Classes/Rogue/Assassin.md,non iniziato,
Character's Codex,en-US/Characters_Codex/03_Creating_a_Character/Classes/Rogue/Rogue.md,it-IT/Characters_Codex/03_Creating_a_Character/Classes/Rogue/Rogue.md,non iniziato,
Character's Codex,en-US/Characters_Codex/03_Creating_a_Character/Classes/Rogue/Thief.md,it-IT/Characters_Codex/03_Creating_a_Character/Classes/Rogue/Thief.md,non iniziato,
Character's Codex,en-US/Characters_Codex/03_Creating_a_Character/Classes/Sorcerer/Draconic_Bloodline.md,it-IT/Characters_Codex/03_Creating_a_Character/Classes/Sorcerer/Draconic_Bloodline.md,non iniziato,
Character's Codex,en-US/Characters_Codex/03_Creating_a_Character/Classes/Sorcerer/Fey_Warped.md,it-IT/Characters_Codex/03_Creating_a_Character/Classes/Sorcerer/Fey_Warped.md,non iniziato,
Character's Codex,en-US/Characters_Codex/03_Creating_a_Character/Classes/Sorcerer/Metamagic/Careful_Spell.md,it-IT/Characters_Codex/03_Creating_a_Character/Classes/Sorcerer/Metamagic/Careful_Spell.md,non iniziato,
Character's Codex,en-US/Characters_Codex/03_Creating_a_Character/Classes/Sorcerer/Metamagic/Distant_Spell.md,it-IT/Characters_Codex/03_Creating_a_Character/Classes/Sorcerer/Metamagic/Distant_Spell.md,non iniziato,
Character's Codex,en-US/Characters_Codex/03_Creating_a_Character/Classes/Sorcerer/Metamagic/Enpowered_Spell.md,it-IT/Characters_Codex/03_Creating_a_Character/Classes/Sorcerer/Metamagic/Enpowered_Spell.md,non iniziato,
Character's Codex,en-US/Characters_Codex/03_Creating_a_Character/Classes/Sorcerer/Metamagic/Extended_Spell.md,it-IT/Characters_Codex/03_Creating_a_Character/Classes/Sorcerer/Metamagic/Extended_Spell.md,non iniziato,
Character's Codex,en-US/Characters_Codex/03_Creating_a_Character/Classes/Sorcerer/Metamagic/Hightened_Spell.md,it-IT/Characters_Codex/03_Creating_a_Character/Classes/Sorcerer/Metamagic/Hightened_Spell.md,non iniziato,
Character's Codex,en-US/Characters_Codex/03_Creating_a_Character/Classes/Sorcerer/Metamagic/Quickened_Spell.md,it-IT/Characters_Codex/03_Creating_a_Character/Classes/Sorcerer/Metamagic/Quickened_Spell.md,non iniziato,
Character's Codex,en-US/Characters_Codex/03_Creating_a_Character/Classes/Sorcerer/Metamagic/Subtle_Spell.md,it-IT/Characters_Codex/03_Creating_a_Character/Classes/Sorcerer/Metamagic/Subtle_Spell.md,non iniziato,
Character's Codex,en-US/Characters_Codex/03_Creating_a_Character/Classes/Sorcerer/Metamagic/Twinned_Spell.md,it-IT/Characters_Codex/03_Creating_a_Character/Classes/Sorcerer/Metamagic/Twinned_Spell.md,non iniziato,
Character's Codex,en-US/Characters_Codex/03_Creating_a_Character/Classes/Sorcerer/Sorcerer.md,it-IT/Characters_Codex/03_Creating_a_Character/Classes/Sorcerer/Sorcerer.md,non iniziato,
Character's Codex,en-US/Characters_Codex/03_Creating_a_Character/Classes/Vanguard/Oath_of_Devotion.md,it-IT/Characters_Codex/03_Creating_a_Character/Classes/Vanguard/Oath_of_Devotion.md,non iniziato,
Character's Codex,en-US/Characters_Codex/03_Creating_a_Character/Classes/Vanguard/Oath_of_the_Exemplar.md,it-IT/Characters_Codex/03_Creating_a_Character/Classes/Vanguard/Oath_of_the_Exemplar.md,non iniziato,
Character's Codex,en-US/Characters_Codex/03_Creating_a_Character/Classes/Vanguard/Vanguard.md,it-IT/Characters_Codex/03_Creating_a_Character/Classes/Vanguard/Vanguard.md,non iniziato,
Character's Codex,en-US/Characters_Codex/03_Creating_a_Character/Classes/Warlock/Eldritch_Invocations/Agonizing_Blast.md,it-IT/Characters_Codex/03_Creating_a_Character/Classes/Warlock/Eldritch_Invocations/Agonizing_Blast.md,non iniziato,
Character's Codex,en-US/Characters_Codex/03_Creating_a_Character/Classes/Warlock/Eldritch_Invocations/Armor_of_Shadows.md,it-IT/Characters_Codex/03_Creating_a_Character/Classes/Warlock/Eldritch_Invocations/Armor_of_Shadows.md,non iniziato,
Character's Codex,en-US/Characters_Codex/03_Creating_a_Character/Classes/Warlock/Eldritch_Invocations/Ascendant_Step.md,it-IT/Characters_Codex/03_Creating_a_Character/Classes/Warlock/Eldritch_Invocations/Ascendant_Step.md,non iniziato,
Character's Codex,en-US/Characters_Codex/03_Creating_a_Character/Classes/Warlock/Eldritch_Invocations/Beguiling_Influence.md,it-IT/Characters_Codex/03_Creating_a_Character/Classes/Warlock/Eldritch_Invocations/Beguiling_Influence.md,non iniziato,
Character's Codex,en-US/Characters_Codex/03_Creating_a_Character/Classes/Warlock/Eldritch_Invocations/Bestial_Accord.md,it-IT/Characters_Codex/03_Creating_a_Character/Classes/Warlock/Eldritch_Invocations/Bestial_Accord.md,non iniziato,
Character's Codex,en-US/Characters_Codex/03_Creating_a_Character/Classes/Warlock/Eldritch_Invocations/Bewitching_Whispers.md,it-IT/Characters_Codex/03_Creating_a_Character/Classes/Warlock/Eldritch_Invocations/Bewitching_Whispers.md,non iniziato,
Character's Codex,en-US/Characters_Codex/03_Creating_a_Character/Classes/Warlock/Eldritch_Invocations/Bond_of_the_Chain_Master.md,it-IT/Characters_Codex/03_Creating_a_Character/Classes/Warlock/Eldritch_Invocations/Bond_of_the_Chain_Master.md,non iniziato,
Character's Codex,en-US/Characters_Codex/03_Creating_a_Character/Classes/Warlock/Eldritch_Invocations/Book_of_Ancient_Secrets.md,it-IT/Characters_Codex/03_Creating_a_Character/Classes/Warlock/Eldritch_Invocations/Book_of_Ancient_Secrets.md,non iniziato,
Character's Codex,en-US/Characters_Codex/03_Creating_a_Character/Classes/Warlock/Eldritch_Invocations/Chains_of_Carceri.md,it-IT/Characters_Codex/03_Creating_a_Character/Classes/Warlock/Eldritch_Invocations/Chains_of_Carceri.md,non iniziato,
Character's Codex,en-US/Characters_Codex/03_Creating_a_Character/Classes/Warlock/Eldritch_Invocations/Devils_Sight.md,it-IT/Characters_Codex/03_Creating_a_Character/Classes/Warlock/Eldritch_Invocations/Devils_Sight.md,non iniziato,
Character's Codex,en-US/Characters_Codex/03_Creating_a_Character/Classes/Warlock/Eldritch_Invocations/Dreadful_Word.md,it-IT/Characters_Codex/03_Creating_a_Character/Classes/Warlock/Eldritch_Invocations/Dreadful_Word.md,non iniziato,
Character's Codex,en-US/Characters_Codex/03_Creating_a_Character/Classes/Warlock/Eldritch_Invocations/Eldritch_Sight.md,it-IT/Characters_Codex/03_Creating_a_Character/Classes/Warlock/Eldritch_Invocations/Eldritch_Sight.md,non iniziato,
Character's Codex,en-US/Characters_Codex/03_Creating_a_Character/Classes/Warlock/Eldritch_Invocations/Eldritch_Spear.md,it-IT/Characters_Codex/03_Creating_a_Character/Classes/Warlock/Eldritch_Invocations/Eldritch_Spear.md,non iniziato,
Character's Codex,en-US/Characters_Codex/03_Creating_a_Character/Classes/Warlock/Eldritch_Invocations/Eyes_of_the_Rune_Keeper.md,it-IT/Characters_Codex/03_Creating_a_Character/Classes/Warlock/Eldritch_Invocations/Eyes_of_the_Rune_Keeper.md,non iniziato,
Character's Codex,en-US/Characters_Codex/03_Creating_a_Character/Classes/Warlock/Eldritch_Invocations/Fiendish_Vigor.md,it-IT/Characters_Codex/03_Creating_a_Character/Classes/Warlock/Eldritch_Invocations/Fiendish_Vigor.md,non iniziato,
Character's Codex,en-US/Characters_Codex/03_Creating_a_Character/Classes/Warlock/Eldritch_Invocations/Gaze_of_Two_Minds.md,it-IT/Characters_Codex/03_Creating_a_Character/Classes/Warlock/Eldritch_Invocations/Gaze_of_Two_Minds.md,non iniziato,
Character's Codex,en-US/Characters_Codex/03_Creating_a_Character/Classes/Warlock/Eldritch_Invocations/Lifedrinker.md,it-IT/Characters_Codex/03_Creating_a_Character/Classes/Warlock/Eldritch_Invocations/Lifedrinker.md,non iniziato,
Character's Codex,en-US/Characters_Codex/03_Creating_a_Character/Classes/Warlock/Eldritch_Invocations/Mask_of_Many_Faces.md,it-IT/Characters_Codex/03_Creating_a_Character/Classes/Warlock/Eldritch_Invocations/Mask_of_Many_Faces.md,non iniziato,
Character's Codex,en-US/Characters_Codex/03_Creating_a_Character/Classes/Warlock/Eldritch_Invocations/Master_of_Myriad_Forms.md,it-IT/Characters_Codex/03_Creating_a_Character/Classes/Warlock/Eldritch_Invocations/Master_of_Myriad_Forms.md,non iniziato,
Character's Codex,en-US/Characters_Codex/03_Creating_a_Character/Classes/Warlock/Eldritch_Invocations/Minions_of_Chaos.md,it-IT/Characters_Codex/03_Creating_a_Character/Classes/Warlock/Eldritch_Invocations/Minions_of_Chaos.md,non iniziato,
Character's Codex,en-US/Characters_Codex/03_Creating_a_Character/Classes/Warlock/Eldritch_Invocations/Mire_the_Mind.md,it-IT/Characters_Codex/03_Creating_a_Character/Classes/Warlock/Eldritch_Invocations/Mire_the_Mind.md,non iniziato,
Character's Codex,en-US/Characters_Codex/03_Creating_a_Character/Classes/Warlock/Eldritch_Invocations/Misty_Visions.md,it-IT/Characters_Codex/03_Creating_a_Character/Classes/Warlock/Eldritch_Invocations/Misty_Visions.md,non iniziato,
Character's Codex,en-US/Characters_Codex/03_Creating_a_Character/Classes/Warlock/Eldritch_Invocations/One_with_Shadows.md,it-IT/Characters_Codex/03_Creating_a_Character/Classes/Warlock/Eldritch_Invocations/One_with_Shadows.md,non iniziato,
Character's Codex,en-US/Characters_Codex/03_Creating_a_Character/Classes/Warlock/Eldritch_Invocations/Otherworldly_Leap.md,it-IT/Characters_Codex/03_Creating_a_Character/Classes/Warlock/Eldritch_Invocations/Otherworldly_Leap.md,non iniziato,
Character's Codex,en-US/Characters_Codex/03_Creating_a_Character/Classes/Warlock/Eldritch_Invocations/Repelling_Blast.md,it-IT/Characters_Codex/03_Creating_a_Character/Classes/Warlock/Eldritch_Invocations/Repelling_Blast.md,non iniziato,
Character's Codex,en-US/Characters_Codex/03_Creating_a_Character/Classes/Warlock/Eldritch_Invocations/Sculptor_of_Flesh.md,it-IT/Characters_Codex/03_Creating_a_Character/Classes/Warlock/Eldritch_Invocations/Sculptor_of_Flesh.md,non iniziato,
Character's Codex,en-US/Characters_Codex/03_Creating_a_Character/Classes/Warlock/Eldritch_Invocations/Sign_of_Ill_Omen.md,it-IT/Characters_Codex/03_Creating_a_Character/Classes/Warlock/Eldritch_Invocations/Sign_of_Ill_Omen.md,non iniziato,
Character's Codex,en-US/Characters_Codex/03_Creating_a_Character/Classes/Warlock/Eldritch_Invocations/Thief_of_Five_Fates.md,it-IT/Characters_Codex/03_Creating_a_Character/Classes/Warlock/Eldritch_Invocations/Thief_of_Five_Fates.md,non iniziato,
Character's Codex,en-US/Characters_Codex/03_Creating_a_Character/Classes/Warlock/Eldritch_Invocations/Thirsting_Blade.md,it-IT/Characters_Codex/03_Creating_a_Character/Classes/Warlock/Eldritch_Invocations/Thirsting_Blade.md,non iniziato,
Character's Codex,en-US/Characters_Codex/03_Creating_a_Character/Classes/Warlock/Eldritch_Invocations/Visions_of_Distant_Realms.md,it-IT/Characters_Codex/03_Creating_a_Character/Classes/Warlock/Eldritch_Invocations/Visions_of_Distant_Realms.md,non iniziato,
Character's Codex,en-US/Characters_Codex/03_Creating_a_Character/Classes/Warlock/Eldritch_Invocations/Whispers_of_the_Grave.md,it-IT/Characters_Codex/03_Creating_a_Character/Classes/Warlock/Eldritch_Invocations/Whispers_of_the_Grave.md,non iniziato,
Character's Codex,en-US/Characters_Codex/03_Creating_a_Character/Classes/Warlock/Eldritch_Invocations/Witch_Sight.md,it-IT/Characters_Codex/03_Creating_a_Character/Classes/Warlock/Eldritch_Invocations/Witch_Sight.md,non iniziato,
Character's Codex,en-US/Characters_Codex/03_Creating_a_Character/Classes/Warlock/Eldritch_Invocations.md,it-IT/Characters_Codex/03_Creating_a_Character/Classes/Warlock/Eldritch_Invocations.md,non iniziato,
Character's Codex,en-US/Characters_Codex/03_Creating_a_Character/Classes/Warlock/Pact_Boons/Pact_of_the_Blade.md,it-IT/Characters_Codex/03_Creating_a_Character/Classes/Warlock/Pact_Boons/Pact_of_the_Blade.md,non iniziato,
Character's Codex,en-US/Characters_Codex/03_Creating_a_Character/Classes/Warlock/Pact_Boons/Pact_of_the_Chain.md,it-IT/Characters_Codex/03_Creating_a_Character/Classes/Warlock/Pact_Boons/Pact_of_the_Chain.md,non iniziato,
Character's Codex,en-US/Characters_Codex/03_Creating_a_Character/Classes/Warlock/Pact_Boons/Pact_of_the_Tome.md,it-IT/Characters_Codex/03_Creating_a_Character/Classes/Warlock/Pact_Boons/Pact_of_the_Tome.md,non iniziato,
Character's Codex,en-US/Characters_Codex/03_Creating_a_Character/Classes/Warlock/The_Fiend.md,it-IT/Characters_Codex/03_Creating_a_Character/Classes/Warlock/The_Fiend.md,non iniziato,
Character's Codex,en-US/Characters_Codex/03_Creating_a_Character/Classes/Warlock/The_Overseer.md,it-IT/Characters_Codex/03_Creating_a_Character/Classes/Warlock/The_Overseer.md,non iniziato,
Character's Codex,en-US/Characters_Codex/03_Creating_a_Character/Classes/Warlock/Warlock.md,it-IT/Characters_Codex/03_Creating_a_Character/Classes/Warlock/Warlock.md,non iniziato,
Character's Codex,en-US/Characters_Codex/03_Creating_a_Character/Classes/Wizard/Arcanist.md,it-IT/Characters_Codex/03_Creating_a_Character/Classes/Wizard/Arcanist.md,non iniziato,
Character's Codex,en-US/Characters_Codex/03_Creating_a_Character/Classes/Wizard/Theurge.md,it-IT/Characters_Codex/03_Creating_a_Character/Classes/Wizard/Theurge.md,non iniziato,
Character's Codex,en-US/Characters_Codex/03_Creating_a_Character/Classes/Wizard/Wizard.md,it-IT/Characters_Codex/03_Creating_a_Character/Classes/Wizard/Wizard.md,non iniziato,
Character's Codex,en-US/Characters_Codex/03_Creating_a_Character/Classes/Wodewose/Circle_of_the_City.md,it-IT/Characters_Codex/03_Creating_a_Character/Classes/Wodewose/Circle_of_the_City.md,non iniziato,
Character's Codex,en-US/Characters_Codex/03_Creating_a_Character/Classes/Wodewose/Circle_of_the_Land.md,it-IT/Characters_Codex/03_Creating_a_Character/Classes/Wodewose/Circle_of_the_Land.md,non iniziato,
Character's Codex,en-US/Characters_Codex/03_Creating_a_Character/Classes/Wodewose/Wodewose.md,it-IT/Characters_Codex/03_Creating_a_Character/Classes/Wodewose/Wodewose.md,non iniziato,
Character's Codex,en-US/Characters_Codex/03_Creating_a_Character/Classes/_Fighting_Styles/Archery.md,it-IT/Characters_Codex/03_Creating_a_Character/Classes/_Fighting_Styles/Archery.md,non iniziato,
Character's Codex,en-US/Characters_Codex/03_Creating_a_Character/Classes/_Fighting_Styles/Defense.md,it-IT/Characters_Codex/03_Creating_a_Character/Classes/_Fighting_Styles/Defense.md,non iniziato,
Character's Codex,en-US/Characters_Codex/03_Creating_a_Character/Classes/_Fighting_Styles/Dueling.md,it-IT/Characters_Codex/03_Creating_a_Character/Classes/_Fighting_Styles/Dueling.md,non iniziato,
Character's Codex,en-US/Characters_Codex/03_Creating_a_Character/Classes/_Fighting_Styles/Great_Weapon_Fighting.md,it-IT/Characters_Codex/03_Creating_a_Character/Classes/_Fighting_Styles/Great_Weapon_Fighting.md,non iniziato,
Character's Codex,en-US/Characters_Codex/03_Creating_a_Character/Classes/_Fighting_Styles/Protection.md,it-IT/Characters_Codex/03_Creating_a_Character/Classes/_Fighting_Styles/Protection.md,non iniziato,
Character's Codex,en-US/Characters_Codex/03_Creating_a_Character/Classes/_Fighting_Styles/Two-Weapon_Fighting.md,it-IT/Characters_Codex/03_Creating_a_Character/Classes/_Fighting_Styles/Two-Weapon_Fighting.md,non iniziato,
Character's Codex,en-US/Characters_Codex/03_Creating_a_Character/Creating_a_Character.md,it-IT/Characters_Codex/03_Creating_a_Character/Creating_a_Character.md,non iniziato,
Character's Codex,en-US/Characters_Codex/03_Creating_a_Character/Cultures/Cultures/Cosmopolitan.md,it-IT/Characters_Codex/03_Creating_a_Character/Cultures/Cultures/Cosmopolitan.md,non iniziato,
Character's Codex,en-US/Characters_Codex/03_Creating_a_Character/Cultures/Cultures/Deep_Dwarf.md,it-IT/Characters_Codex/03_Creating_a_Character/Cultures/Cultures/Deep_Dwarf.md,non iniziato,
Character's Codex,en-US/Characters_Codex/03_Creating_a_Character/Cultures/Cultures/Deep_Gnome.md,it-IT/Characters_Codex/03_Creating_a_Character/Cultures/Cultures/Deep_Gnome.md,non iniziato,
Character's Codex,en-US/Characters_Codex/03_Creating_a_Character/Cultures/Cultures/Dragonbound.md,it-IT/Characters_Codex/03_Creating_a_Character/Cultures/Cultures/Dragonbound.md,non iniziato,
Character's Codex,en-US/Characters_Codex/03_Creating_a_Character/Cultures/Cultures/Forest_Gnome.md,it-IT/Characters_Codex/03_Creating_a_Character/Cultures/Cultures/Forest_Gnome.md,non iniziato,
Character's Codex,en-US/Characters_Codex/03_Creating_a_Character/Cultures/Cultures/High_Elf.md,it-IT/Characters_Codex/03_Creating_a_Character/Cultures/Cultures/High_Elf.md,non iniziato,
Character's Codex,en-US/Characters_Codex/03_Creating_a_Character/Cultures/Cultures/Hill_Dwarf.md,it-IT/Characters_Codex/03_Creating_a_Character/Cultures/Cultures/Hill_Dwarf.md,non iniziato,
Character's Codex,en-US/Characters_Codex/03_Creating_a_Character/Cultures/Cultures/Mountain_Dwarf.md,it-IT/Characters_Codex/03_Creating_a_Character/Cultures/Cultures/Mountain_Dwarf.md,non iniziato,
Character's Codex,en-US/Characters_Codex/03_Creating_a_Character/Cultures/Cultures/Nomad.md,it-IT/Characters_Codex/03_Creating_a_Character/Cultures/Cultures/Nomad.md,non iniziato,
Character's Codex,en-US/Characters_Codex/03_Creating_a_Character/Cultures/Cultures/Rock_Gnome.md,it-IT/Characters_Codex/03_Creating_a_Character/Cultures/Cultures/Rock_Gnome.md,non iniziato,
Character's Codex,en-US/Characters_Codex/03_Creating_a_Character/Cultures/Cultures/Settler.md,it-IT/Characters_Codex/03_Creating_a_Character/Cultures/Cultures/Settler.md,non iniziato,
Character's Codex,en-US/Characters_Codex/03_Creating_a_Character/Cultures/Cultures/Shadow_Elf.md,it-IT/Characters_Codex/03_Creating_a_Character/Cultures/Cultures/Shadow_Elf.md,non iniziato,
Character's Codex,en-US/Characters_Codex/03_Creating_a_Character/Cultures/Cultures/Soilborne_Halfling.md,it-IT/Characters_Codex/03_Creating_a_Character/Cultures/Cultures/Soilborne_Halfling.md,non iniziato,
Character's Codex,en-US/Characters_Codex/03_Creating_a_Character/Cultures/Cultures/Stoic_Orc.md,it-IT/Characters_Codex/03_Creating_a_Character/Cultures/Cultures/Stoic_Orc.md,non iniziato,
Character's Codex,en-US/Characters_Codex/03_Creating_a_Character/Cultures/Cultures/Stoneworthy.md,it-IT/Characters_Codex/03_Creating_a_Character/Cultures/Cultures/Stoneworthy.md,non iniziato,
Character's Codex,en-US/Characters_Codex/03_Creating_a_Character/Cultures/Cultures/Stout_Halfling.md,it-IT/Characters_Codex/03_Creating_a_Character/Cultures/Cultures/Stout_Halfling.md,non iniziato,
Character's Codex,en-US/Characters_Codex/03_Creating_a_Character/Cultures/Cultures/Tunnel_Halfling.md,it-IT/Characters_Codex/03_Creating_a_Character/Cultures/Cultures/Tunnel_Halfling.md,non iniziato,
Character's Codex,en-US/Characters_Codex/03_Creating_a_Character/Cultures/Cultures/Villager.md,it-IT/Characters_Codex/03_Creating_a_Character/Cultures/Cultures/Villager.md,non iniziato,
Character's Codex,en-US/Characters_Codex/03_Creating_a_Character/Cultures/Cultures/Warhordling.md,it-IT/Characters_Codex/03_Creating_a_Character/Cultures/Cultures/Warhordling.md,non iniziato,
Character's Codex,en-US/Characters_Codex/03_Creating_a_Character/Cultures/Cultures/Wood_Elf.md,it-IT/Characters_Codex/03_Creating_a_Character/Cultures/Cultures/Wood_Elf.md,non iniziato,
Character's Codex,en-US/Characters_Codex/03_Creating_a_Character/Cultures/Cultures.md,it-IT/Characters_Codex/03_Creating_a_Character/Cultures/Cultures.md,non iniziato,
Character's Codex,en-US/Characters_Codex/03_Creating_a_Character/Determine_Ability_Scores/Determine_Ability_Scores.md,it-IT/Characters_Codex/03_Creating_a_Character/Determine_Ability_Scores/Determine_Ability_Scores.md,non iniziato,
Character's Codex,en-US/Characters_Codex/03_Creating_a_Character/Disabilities/Disabilities.md,it-IT/Characters_Codex/03_Creating_a_Character/Disabilities/Disabilities.md,non iniziato,
Character's Codex,en-US/Characters_Codex/03_Creating_a_Character/Equipment/Adventuring_Gear.md,it-IT/Characters_Codex/03_Creating_a_Character/Equipment/Adventuring_Gear.md,non iniziato,
Character's Codex,en-US/Characters_Codex/03_Creating_a_Character/Equipment/Armor.md,it-IT/Characters_Codex/03_Creating_a_Character/Equipment/Armor.md,non iniziato,
Character's Codex,en-US/Characters_Codex/03_Creating_a_Character/Equipment/Armor_table.md,it-IT/Characters_Codex/03_Creating_a_Character/Equipment/Armor_table.md,non iniziato,
Character's Codex,en-US/Characters_Codex/03_Creating_a_Character/Equipment/Assistive_Items.md,it-IT/Characters_Codex/03_Creating_a_Character/Equipment/Assistive_Items.md,non iniziato,
Character's Codex,en-US/Characters_Codex/03_Creating_a_Character/Equipment/Equipment.md,it-IT/Characters_Codex/03_Creating_a_Character/Equipment/Equipment.md,non iniziato,
Character's Codex,en-US/Characters_Codex/03_Creating_a_Character/Equipment/Equipment_Packs.md,it-IT/Characters_Codex/03_Creating_a_Character/Equipment/Equipment_Packs.md,non iniziato,
Character's Codex,en-US/Characters_Codex/03_Creating_a_Character/Equipment/Expenses.md,it-IT/Characters_Codex/03_Creating_a_Character/Equipment/Expenses.md,non iniziato,
Character's Codex,en-US/Characters_Codex/03_Creating_a_Character/Equipment/Getting_Into_and_Out_of_Armor.md,it-IT/Characters_Codex/03_Creating_a_Character/Equipment/Getting_Into_and_Out_of_Armor.md,non iniziato,
Character's Codex,en-US/Characters_Codex/03_Creating_a_Character/Equipment/Heavy_Armor.md,it-IT/Characters_Codex/03_Creating_a_Character/Equipment/Heavy_Armor.md,non iniziato,
Character's Codex,en-US/Characters_Codex/03_Creating_a_Character/Equipment/Light_Armor.md,it-IT/Characters_Codex/03_Creating_a_Character/Equipment/Light_Armor.md,non iniziato,
Character's Codex,en-US/Characters_Codex/03_Creating_a_Character/Equipment/Medium_Armor.md,it-IT/Characters_Codex/03_Creating_a_Character/Equipment/Medium_Armor.md,non iniziato,
Character's Codex,en-US/Characters_Codex/03_Creating_a_Character/Equipment/Mounts_and_Vehicles.md,it-IT/Characters_Codex/03_Creating_a_Character/Equipment/Mounts_and_Vehicles.md,non iniziato,
Character's Codex,en-US/Characters_Codex/03_Creating_a_Character/Equipment/Selling_Treasure.md,it-IT/Characters_Codex/03_Creating_a_Character/Equipment/Selling_Treasure.md,non iniziato,
Character's Codex,en-US/Characters_Codex/03_Creating_a_Character/Equipment/Tools.md,it-IT/Characters_Codex/03_Creating_a_Character/Equipment/Tools.md,non iniziato,
Character's Codex,en-US/Characters_Codex/03_Creating_a_Character/Equipment/Trade_Goods.md,it-IT/Characters_Codex/03_Creating_a_Character/Equipment/Trade_Goods.md,non iniziato,
Character's Codex,en-US/Characters_Codex/03_Creating_a_Character/Equipment/Weapon_Proficiency.md,it-IT/Characters_Codex/03_Creating_a_Character/Equipment/Weapon_Proficiency.md,non iniziato,
Character's Codex,en-US/Characters_Codex/03_Creating_a_Character/Equipment/Weapon_Properties.md,it-IT/Characters_Codex/03_Creating_a_Character/Equipment/Weapon_Properties.md,non iniziato,
Character's Codex,en-US/Characters_Codex/03_Creating_a_Character/Equipment/Weapons.md,it-IT/Characters_Codex/03_Creating_a_Character/Equipment/Weapons.md,non iniziato,
Character's Codex,en-US/Characters_Codex/03_Creating_a_Character/Equipment/Weapons_table.md,it-IT/Characters_Codex/03_Creating_a_Character/Equipment/Weapons_table.md,non iniziato,
Character's Codex,en-US/Characters_Codex/03_Creating_a_Character/Feats/Feats/Athletic.md,it-IT/Characters_Codex/03_Creating_a_Character/Feats/Feats/Athletic.md,non iniziato,
Character's Codex,en-US/Characters_Codex/03_Creating_a_Character/Feats/Feats/Attentive.md,it-IT/Characters_Codex/03_Creating_a_Character/Feats/Feats/Attentive.md,non iniziato,
Character's Codex,en-US/Characters_Codex/03_Creating_a_Character/Feats/Feats/Battle_Caster.md,it-IT/Characters_Codex/03_Creating_a_Character/Feats/Feats/Battle_Caster.md,non iniziato,
Character's Codex,en-US/Characters_Codex/03_Creating_a_Character/Feats/Feats/Brutal_Attack.md,it-IT/Characters_Codex/03_Creating_a_Character/Feats/Feats/Brutal_Attack.md,non iniziato,
Character's Codex,en-US/Characters_Codex/03_Creating_a_Character/Feats/Feats/Bull_Rush.md,it-IT/Characters_Codex/03_Creating_a_Character/Feats/Feats/Bull_Rush.md,non iniziato,
Character's Codex,en-US/Characters_Codex/03_Creating_a_Character/Feats/Feats/Combat_Thievery.md,it-IT/Characters_Codex/03_Creating_a_Character/Feats/Feats/Combat_Thievery.md,non iniziato,
Character's Codex,en-US/Characters_Codex/03_Creating_a_Character/Feats/Feats/Crossbow_Expertise.md,it-IT/Characters_Codex/03_Creating_a_Character/Feats/Feats/Crossbow_Expertise.md,non iniziato,
Character's Codex,en-US/Characters_Codex/03_Creating_a_Character/Feats/Feats/Deadeye.md,it-IT/Characters_Codex/03_Creating_a_Character/Feats/Feats/Deadeye.md,non iniziato,
Character's Codex,en-US/Characters_Codex/03_Creating_a_Character/Feats/Feats/Deflector.md,it-IT/Characters_Codex/03_Creating_a_Character/Feats/Feats/Deflector.md,non iniziato,
Character's Codex,en-US/Characters_Codex/03_Creating_a_Character/Feats/Feats/Destinys_Call.md,it-IT/Characters_Codex/03_Creating_a_Character/Feats/Feats/Destinys_Call.md,non iniziato,
Character's Codex,en-US/Characters_Codex/03_Creating_a_Character/Feats/Feats/Dual-Wielding_Expert.md,it-IT/Characters_Codex/03_Creating_a_Character/Feats/Feats/Dual-Wielding_Expert.md,non iniziato,
Character's Codex,en-US/Characters_Codex/03_Creating_a_Character/Feats/Feats/Dungeoneer.md,it-IT/Characters_Codex/03_Creating_a_Character/Feats/Feats/Dungeoneer.md,non iniziato,
Character's Codex,en-US/Characters_Codex/03_Creating_a_Character/Feats/Feats/Empathic.md,it-IT/Characters_Codex/03_Creating_a_Character/Feats/Feats/Empathic.md,non iniziato,
Character's Codex,en-US/Characters_Codex/03_Creating_a_Character/Feats/Feats/Fear_Breaker.md,it-IT/Characters_Codex/03_Creating_a_Character/Feats/Feats/Fear_Breaker.md,non iniziato,
Character's Codex,en-US/Characters_Codex/03_Creating_a_Character/Feats/Feats/Fortunate.md,it-IT/Characters_Codex/03_Creating_a_Character/Feats/Feats/Fortunate.md,non iniziato,
Character's Codex,en-US/Characters_Codex/03_Creating_a_Character/Feats/Feats/Grappler.md,it-IT/Characters_Codex/03_Creating_a_Character/Feats/Feats/Grappler.md,non iniziato,
Character's Codex,en-US/Characters_Codex/03_Creating_a_Character/Feats/Feats/Guarded_Warrior.md,it-IT/Characters_Codex/03_Creating_a_Character/Feats/Feats/Guarded_Warrior.md,non iniziato,
Character's Codex,en-US/Characters_Codex/03_Creating_a_Character/Feats/Feats/Hardy_Adventurer.md,it-IT/Characters_Codex/03_Creating_a_Character/Feats/Feats/Hardy_Adventurer.md,non iniziato,
Character's Codex,en-US/Characters_Codex/03_Creating_a_Character/Feats/Feats/Heavily_Outfitted.md,it-IT/Characters_Codex/03_Creating_a_Character/Feats/Feats/Heavily_Outfitted.md,non iniziato,
Character's Codex,en-US/Characters_Codex/03_Creating_a_Character/Feats/Feats/Heavy_Armor_Expertise.md,it-IT/Characters_Codex/03_Creating_a_Character/Feats/Feats/Heavy_Armor_Expertise.md,non iniziato,
Character's Codex,en-US/Characters_Codex/03_Creating_a_Character/Feats/Feats/Intuitive.md,it-IT/Characters_Codex/03_Creating_a_Character/Feats/Feats/Intuitive.md,non iniziato,
Character's Codex,en-US/Characters_Codex/03_Creating_a_Character/Feats/Feats/Keen_Intellect.md,it-IT/Characters_Codex/03_Creating_a_Character/Feats/Feats/Keen_Intellect.md,non iniziato,
Character's Codex,en-US/Characters_Codex/03_Creating_a_Character/Feats/Feats/Lightly_Outfitted.md,it-IT/Characters_Codex/03_Creating_a_Character/Feats/Feats/Lightly_Outfitted.md,non iniziato,
Character's Codex,en-US/Characters_Codex/03_Creating_a_Character/Feats/Feats/Linguistics_Expert.md,it-IT/Characters_Codex/03_Creating_a_Character/Feats/Feats/Linguistics_Expert.md,non iniziato,
Character's Codex,en-US/Characters_Codex/03_Creating_a_Character/Feats/Feats/Medium_Armor_Expert.md,it-IT/Characters_Codex/03_Creating_a_Character/Feats/Feats/Medium_Armor_Expert.md,non iniziato,
Character's Codex,en-US/Characters_Codex/03_Creating_a_Character/Feats/Feats/Moderately_Outfitted.md,it-IT/Characters_Codex/03_Creating_a_Character/Feats/Feats/Moderately_Outfitted.md,non iniziato,
Character's Codex,en-US/Characters_Codex/03_Creating_a_Character/Feats/Feats/Mounted_Warrior.md,it-IT/Characters_Codex/03_Creating_a_Character/Feats/Feats/Mounted_Warrior.md,non iniziato,
Character's Codex,en-US/Characters_Codex/03_Creating_a_Character/Feats/Feats/Mythical_Talent.md,it-IT/Characters_Codex/03_Creating_a_Character/Feats/Feats/Mythical_Talent.md,non iniziato,
Character's Codex,en-US/Characters_Codex/03_Creating_a_Character/Feats/Feats/Natural_Warrior.md,it-IT/Characters_Codex/03_Creating_a_Character/Feats/Feats/Natural_Warrior.md,non iniziato,
Character's Codex,en-US/Characters_Codex/03_Creating_a_Character/Feats/Feats/Physician.md,it-IT/Characters_Codex/03_Creating_a_Character/Feats/Feats/Physician.md,non iniziato,
Character's Codex,en-US/Characters_Codex/03_Creating_a_Character/Feats/Feats/Polearm_Savant.md,it-IT/Characters_Codex/03_Creating_a_Character/Feats/Feats/Polearm_Savant.md,non iniziato,
Character's Codex,en-US/Characters_Codex/03_Creating_a_Character/Feats/Feats/Power_Caster.md,it-IT/Characters_Codex/03_Creating_a_Character/Feats/Feats/Power_Caster.md,non iniziato,
Character's Codex,en-US/Characters_Codex/03_Creating_a_Character/Feats/Feats/Powerful_Attacker.md,it-IT/Characters_Codex/03_Creating_a_Character/Feats/Feats/Powerful_Attacker.md,non iniziato,
Character's Codex,en-US/Characters_Codex/03_Creating_a_Character/Feats/Feats/Primordial_Caster.md,it-IT/Characters_Codex/03_Creating_a_Character/Feats/Feats/Primordial_Caster.md,non iniziato,
Character's Codex,en-US/Characters_Codex/03_Creating_a_Character/Feats/Feats/Rallying_Call.md,it-IT/Characters_Codex/03_Creating_a_Character/Feats/Feats/Rallying_Call.md,non iniziato,
Character's Codex,en-US/Characters_Codex/03_Creating_a_Character/Feats/Feats/Resonant_Bond.md,it-IT/Characters_Codex/03_Creating_a_Character/Feats/Feats/Resonant_Bond.md,non iniziato,
Character's Codex,en-US/Characters_Codex/03_Creating_a_Character/Feats/Feats/Rite_Master.md,it-IT/Characters_Codex/03_Creating_a_Character/Feats/Feats/Rite_Master.md,non iniziato,
Character's Codex,en-US/Characters_Codex/03_Creating_a_Character/Feats/Feats/Shield_Focus.md,it-IT/Characters_Codex/03_Creating_a_Character/Feats/Feats/Shield_Focus.md,non iniziato,
Character's Codex,en-US/Characters_Codex/03_Creating_a_Character/Feats/Feats/Skillful.md,it-IT/Characters_Codex/03_Creating_a_Character/Feats/Feats/Skillful.md,non iniziato,
Character's Codex,en-US/Characters_Codex/03_Creating_a_Character/Feats/Feats/Skirmisher.md,it-IT/Characters_Codex/03_Creating_a_Character/Feats/Feats/Skirmisher.md,non iniziato,
Character's Codex,en-US/Characters_Codex/03_Creating_a_Character/Feats/Feats/Spellbreaker.md,it-IT/Characters_Codex/03_Creating_a_Character/Feats/Feats/Spellbreaker.md,non iniziato,
Character's Codex,en-US/Characters_Codex/03_Creating_a_Character/Feats/Feats/Stalwart.md,it-IT/Characters_Codex/03_Creating_a_Character/Feats/Feats/Stalwart.md,non iniziato,
Character's Codex,en-US/Characters_Codex/03_Creating_a_Character/Feats/Feats/Stealth_Expert.md,it-IT/Characters_Codex/03_Creating_a_Character/Feats/Feats/Stealth_Expert.md,non iniziato,
Character's Codex,en-US/Characters_Codex/03_Creating_a_Character/Feats/Feats/Street_Fighter.md,it-IT/Characters_Codex/03_Creating_a_Character/Feats/Feats/Street_Fighter.md,non iniziato,
Character's Codex,en-US/Characters_Codex/03_Creating_a_Character/Feats/Feats/Surgical_Combatant.md,it-IT/Characters_Codex/03_Creating_a_Character/Feats/Feats/Surgical_Combatant.md,non iniziato,
Character's Codex,en-US/Characters_Codex/03_Creating_a_Character/Feats/Feats/Survivor.md,it-IT/Characters_Codex/03_Creating_a_Character/Feats/Feats/Survivor.md,non iniziato,
Character's Codex,en-US/Characters_Codex/03_Creating_a_Character/Feats/Feats/Swift_Combatant.md,it-IT/Characters_Codex/03_Creating_a_Character/Feats/Feats/Swift_Combatant.md,non iniziato,
Character's Codex,en-US/Characters_Codex/03_Creating_a_Character/Feats/Feats/Tactical_Support.md,it-IT/Characters_Codex/03_Creating_a_Character/Feats/Feats/Tactical_Support.md,non iniziato,
Character's Codex,en-US/Characters_Codex/03_Creating_a_Character/Feats/Feats/Tenacious.md,it-IT/Characters_Codex/03_Creating_a_Character/Feats/Feats/Tenacious.md,non iniziato,
Character's Codex,en-US/Characters_Codex/03_Creating_a_Character/Feats/Feats/Thespian.md,it-IT/Characters_Codex/03_Creating_a_Character/Feats/Feats/Thespian.md,non iniziato,
Character's Codex,en-US/Characters_Codex/03_Creating_a_Character/Feats/Feats/Vendetta.md,it-IT/Characters_Codex/03_Creating_a_Character/Feats/Feats/Vendetta.md,non iniziato,
Character's Codex,en-US/Characters_Codex/03_Creating_a_Character/Feats/Feats/Weapons_Specialist.md,it-IT/Characters_Codex/03_Creating_a_Character/Feats/Feats/Weapons_Specialist.md,non iniziato,
Character's Codex,en-US/Characters_Codex/03_Creating_a_Character/Feats/Feats.md,it-IT/Characters_Codex/03_Creating_a_Character/Feats/Feats.md,non iniziato,
Character's Codex,en-US/Characters_Codex/03_Creating_a_Character/Inspiration_and_Luck/Inspiration.md,it-IT/Characters_Codex/03_Creating_a_Character/Inspiration_and_Luck/Inspiration.md,non iniziato,
Character's Codex,en-US/Characters_Codex/03_Creating_a_Character/Inspiration_and_Luck/Luck.md,it-IT/Characters_Codex/03_Creating_a_Character/Inspiration_and_Luck/Luck.md,non iniziato,
Character's Codex,en-US/Characters_Codex/03_Creating_a_Character/Languages.md,it-IT/Characters_Codex/03_Creating_a_Character/Languages.md,non iniziato,
Character's Codex,en-US/Characters_Codex/03_Creating_a_Character/Level_Advancement/Level_Advancement.md,it-IT/Characters_Codex/03_Creating_a_Character/Level_Advancement/Level_Advancement.md,non iniziato,
Character's Codex,en-US/Characters_Codex/03_Creating_a_Character/Level_Advancement/Multiclassing.md,it-IT/Characters_Codex/03_Creating_a_Character/Level_Advancement/Multiclassing.md,non iniziato,
Character's Codex,en-US/Characters_Codex/03_Creating_a_Character/Using_Ability_Scores/Ability_Checks.md,it-IT/Characters_Codex/03_Creating_a_Character/Using_Ability_Scores/Ability_Checks.md,non iniziato,
Character's Codex,en-US/Characters_Codex/03_Creating_a_Character/Using_Ability_Scores/Ability_Scores_and_Modifiers.md,it-IT/Characters_Codex/03_Creating_a_Character/Using_Ability_Scores/Ability_Scores_and_Modifiers.md,non iniziato,
Character's Codex,en-US/Characters_Codex/03_Creating_a_Character/Using_Ability_Scores/Advantage_and_Disadvantage.md,it-IT/Characters_Codex/03_Creating_a_Character/Using_Ability_Scores/Advantage_and_Disadvantage.md,non iniziato,
Character's Codex,en-US/Characters_Codex/03_Creating_a_Character/Using_Ability_Scores/Proficiency_Bonus.md,it-IT/Characters_Codex/03_Creating_a_Character/Using_Ability_Scores/Proficiency_Bonus.md,non iniziato,
Character's Codex,en-US/Characters_Codex/03_Creating_a_Character/Using_Ability_Scores/Saving_Throws.md,it-IT/Characters_Codex/03_Creating_a_Character/Using_Ability_Scores/Saving_Throws.md,non iniziato,
Character's Codex,en-US/Characters_Codex/03_Creating_a_Character/Using_Ability_Scores/Using_Ability_Scores.md,it-IT/Characters_Codex/03_Creating_a_Character/Using_Ability_Scores/Using_Ability_Scores.md,non iniziato,
Character's Codex,en-US/Characters_Codex/03_Creating_a_Character/Using_Ability_Scores/Using_Charisma.md,it-IT/Characters_Codex/03_Creating_a_Character/Using_Ability_Scores/Using_Charisma.md,non iniziato,
Character's Codex,en-US/Characters_Codex/03_Creating_a_Character/Using_Ability_Scores/Using_Constitution.md,it-IT/Characters_Codex/03_Creating_a_Character/Using_Ability_Scores/Using_Constitution.md,non iniziato,
Character's Codex,en-US/Characters_Codex/03_Creating_a_Character/Using_Ability_Scores/Using_Dexterity.md,it-IT/Characters_Codex/03_Creating_a_Character/Using_Ability_Scores/Using_Dexterity.md,non iniziato,
Character's Codex,en-US/Characters_Codex/03_Creating_a_Character/Using_Ability_Scores/Using_Intelligence.md,it-IT/Characters_Codex/03_Creating_a_Character/Using_Ability_Scores/Using_Intelligence.md,non iniziato,
Character's Codex,en-US/Characters_Codex/03_Creating_a_Character/Using_Ability_Scores/Using_Strength.md,it-IT/Characters_Codex/03_Creating_a_Character/Using_Ability_Scores/Using_Strength.md,non iniziato,
Character's Codex,en-US/Characters_Codex/03_Creating_a_Character/Using_Ability_Scores/Using_Wisdom.md,it-IT/Characters_Codex/03_Creating_a_Character/Using_Ability_Scores/Using_Wisdom.md,non iniziato,
Character's Codex,en-US/Characters_Codex/03_Creating_a_Character/Using_Ability_Scores/Using_each_Ability.md,it-IT/Characters_Codex/03_Creating_a_Character/Using_Ability_Scores/Using_each_Ability.md,non iniziato,
Character's Codex,en-US/Characters_Codex/04_Adventuring/Adventuring.md,it-IT/Characters_Codex/04_Adventuring/Adventuring.md,non iniziato,
Character's Codex,en-US/Characters_Codex/04_Adventuring/Combat.md,it-IT/Characters_Codex/04_Adventuring/Combat.md,non iniziato,
Character's Codex,en-US/Characters_Codex/04_Adventuring/Combat_Actions.md,it-IT/Characters_Codex/04_Adventuring/Combat_Actions.md,non iniziato,
Character's Codex,en-US/Characters_Codex/04_Adventuring/Combat_Cover.md,it-IT/Characters_Codex/04_Adventuring/Combat_Cover.md,non iniziato,
Character's Codex,en-US/Characters_Codex/04_Adventuring/Combat_Damage_and_Healing.md,it-IT/Characters_Codex/04_Adventuring/Combat_Damage_and_Healing.md,non iniziato,
Character's Codex,en-US/Characters_Codex/04_Adventuring/Combat_General_Terms.md,it-IT/Characters_Codex/04_Adventuring/Combat_General_Terms.md,non iniziato,
Character's Codex,en-US/Characters_Codex/04_Adventuring/Combat_Making_an_Attack.md,it-IT/Characters_Codex/04_Adventuring/Combat_Making_an_Attack.md,non iniziato,
Character's Codex,en-US/Characters_Codex/04_Adventuring/Combat_Mounted_Combat.md,it-IT/Characters_Codex/04_Adventuring/Combat_Mounted_Combat.md,non iniziato,
Character's Codex,en-US/Characters_Codex/04_Adventuring/Combat_Movement_and_Position.md,it-IT/Characters_Codex/04_Adventuring/Combat_Movement_and_Position.md,non iniziato,
Character's Codex,en-US/Characters_Codex/04_Adventuring/Combat_Underwater_Combat.md,it-IT/Characters_Codex/04_Adventuring/Combat_Underwater_Combat.md,non iniziato,
Character's Codex,en-US/Characters_Codex/04_Adventuring/Exploration.md,it-IT/Characters_Codex/04_Adventuring/Exploration.md,non iniziato,
Character's Codex,en-US/Characters_Codex/04_Adventuring/Exploration_Environment.md,it-IT/Characters_Codex/04_Adventuring/Exploration_Environment.md,non iniziato,
Character's Codex,en-US/Characters_Codex/04_Adventuring/Exploration_Movement.md,it-IT/Characters_Codex/04_Adventuring/Exploration_Movement.md,non iniziato,
Character's Codex,en-US/Characters_Codex/04_Adventuring/Exploration_Resting.md,it-IT/Characters_Codex/04_Adventuring/Exploration_Resting.md,non iniziato,
Character's Codex,en-US/Characters_Codex/04_Adventuring/Exploration_Time.md,it-IT/Characters_Codex/04_Adventuring/Exploration_Time.md,non iniziato,
Character's Codex,en-US/Characters_Codex/04_Adventuring/Roleplay.md,it-IT/Characters_Codex/04_Adventuring/Roleplay.md,non iniziato,
Character's Codex,en-US/Characters_Codex/05_Planes_of_Existence/Planes_of_Existence.md,it-IT/Characters_Codex/05_Planes_of_Existence/Planes_of_Existence.md,non iniziato,
Character's Codex,en-US/Characters_Codex/06_Spellcasting/Spell_Descriptions/A/Acid_Splash.md,it-IT/Characters_Codex/06_Spellcasting/Spell_Descriptions/A/Acid_Splash.md,non iniziato,
Character's Codex,en-US/Characters_Codex/06_Spellcasting/Spell_Descriptions/A/Aid.md,it-IT/Characters_Codex/06_Spellcasting/Spell_Descriptions/A/Aid.md,non iniziato,
Character's Codex,en-US/Characters_Codex/06_Spellcasting/Spell_Descriptions/A/Alarm.md,it-IT/Characters_Codex/06_Spellcasting/Spell_Descriptions/A/Alarm.md,non iniziato,
Character's Codex,en-US/Characters_Codex/06_Spellcasting/Spell_Descriptions/A/Alias_Magnificent_Mansion.md,it-IT/Characters_Codex/06_Spellcasting/Spell_Descriptions/A/Alias_Magnificent_Mansion.md,non iniziato,
Character's Codex,en-US/Characters_Codex/06_Spellcasting/Spell_Descriptions/A/Alter_Self.md,it-IT/Characters_Codex/06_Spellcasting/Spell_Descriptions/A/Alter_Self.md,non iniziato,
Character's Codex,en-US/Characters_Codex/06_Spellcasting/Spell_Descriptions/A/Animal_Friendship.md,it-IT/Characters_Codex/06_Spellcasting/Spell_Descriptions/A/Animal_Friendship.md,non iniziato,
Character's Codex,en-US/Characters_Codex/06_Spellcasting/Spell_Descriptions/A/Animal_Messenger.md,it-IT/Characters_Codex/06_Spellcasting/Spell_Descriptions/A/Animal_Messenger.md,non iniziato,
Character's Codex,en-US/Characters_Codex/06_Spellcasting/Spell_Descriptions/A/Animal_Shapes.md,it-IT/Characters_Codex/06_Spellcasting/Spell_Descriptions/A/Animal_Shapes.md,non iniziato,
Character's Codex,en-US/Characters_Codex/06_Spellcasting/Spell_Descriptions/A/Animate_Dead.md,it-IT/Characters_Codex/06_Spellcasting/Spell_Descriptions/A/Animate_Dead.md,non iniziato,
Character's Codex,en-US/Characters_Codex/06_Spellcasting/Spell_Descriptions/A/Animate_Objects.md,it-IT/Characters_Codex/06_Spellcasting/Spell_Descriptions/A/Animate_Objects.md,non iniziato,
Character's Codex,en-US/Characters_Codex/06_Spellcasting/Spell_Descriptions/A/Antilife_Shell.md,it-IT/Characters_Codex/06_Spellcasting/Spell_Descriptions/A/Antilife_Shell.md,non iniziato,
Character's Codex,en-US/Characters_Codex/06_Spellcasting/Spell_Descriptions/A/Antimagic_Field.md,it-IT/Characters_Codex/06_Spellcasting/Spell_Descriptions/A/Antimagic_Field.md,non iniziato,
Character's Codex,en-US/Characters_Codex/06_Spellcasting/Spell_Descriptions/A/Antipathy_Sympathy.md,it-IT/Characters_Codex/06_Spellcasting/Spell_Descriptions/A/Antipathy_Sympathy.md,non iniziato,
Character's Codex,en-US/Characters_Codex/06_Spellcasting/Spell_Descriptions/A/Arcane_Eye.md,it-IT/Characters_Codex/06_Spellcasting/Spell_Descriptions/A/Arcane_Eye.md,non iniziato,
Character's Codex,en-US/Characters_Codex/06_Spellcasting/Spell_Descriptions/A/Arcane_Lock.md,it-IT/Characters_Codex/06_Spellcasting/Spell_Descriptions/A/Arcane_Lock.md,non iniziato,
Character's Codex,en-US/Characters_Codex/06_Spellcasting/Spell_Descriptions/A/Astral_Projection.md,it-IT/Characters_Codex/06_Spellcasting/Spell_Descriptions/A/Astral_Projection.md,non iniziato,
Character's Codex,en-US/Characters_Codex/06_Spellcasting/Spell_Descriptions/A/Augury.md,it-IT/Characters_Codex/06_Spellcasting/Spell_Descriptions/A/Augury.md,non iniziato,
Character's Codex,en-US/Characters_Codex/06_Spellcasting/Spell_Descriptions/A/Awaken.md,it-IT/Characters_Codex/06_Spellcasting/Spell_Descriptions/A/Awaken.md,non iniziato,
Character's Codex,en-US/Characters_Codex/06_Spellcasting/Spell_Descriptions/A/_A.md,it-IT/Characters_Codex/06_Spellcasting/Spell_Descriptions/A/_A.md,non iniziato,
Character's Codex,en-US/Characters_Codex/06_Spellcasting/Spell_Descriptions/B/Bane.md,it-IT/Characters_Codex/06_Spellcasting/Spell_Descriptions/B/Bane.md,non iniziato,
Character's Codex,en-US/Characters_Codex/06_Spellcasting/Spell_Descriptions/B/Banishment.md,it-IT/Characters_Codex/06_Spellcasting/Spell_Descriptions/B/Banishment.md,non iniziato,
Character's Codex,en-US/Characters_Codex/06_Spellcasting/Spell_Descriptions/B/Barkskin.md,it-IT/Characters_Codex/06_Spellcasting/Spell_Descriptions/B/Barkskin.md,non iniziato,
Character's Codex,en-US/Characters_Codex/06_Spellcasting/Spell_Descriptions/B/Beacon_of_Hope.md,it-IT/Characters_Codex/06_Spellcasting/Spell_Descriptions/B/Beacon_of_Hope.md,non iniziato,
Character's Codex,en-US/Characters_Codex/06_Spellcasting/Spell_Descriptions/B/Bestow_Curse.md,it-IT/Characters_Codex/06_Spellcasting/Spell_Descriptions/B/Bestow_Curse.md,non iniziato,
Character's Codex,en-US/Characters_Codex/06_Spellcasting/Spell_Descriptions/B/Blade_Barrier.md,it-IT/Characters_Codex/06_Spellcasting/Spell_Descriptions/B/Blade_Barrier.md,non iniziato,
Character's Codex,en-US/Characters_Codex/06_Spellcasting/Spell_Descriptions/B/Bless.md,it-IT/Characters_Codex/06_Spellcasting/Spell_Descriptions/B/Bless.md,non iniziato,
Character's Codex,en-US/Characters_Codex/06_Spellcasting/Spell_Descriptions/B/Blight.md,it-IT/Characters_Codex/06_Spellcasting/Spell_Descriptions/B/Blight.md,non iniziato,
Character's Codex,en-US/Characters_Codex/06_Spellcasting/Spell_Descriptions/B/Blink.md,it-IT/Characters_Codex/06_Spellcasting/Spell_Descriptions/B/Blink.md,non iniziato,
Character's Codex,en-US/Characters_Codex/06_Spellcasting/Spell_Descriptions/B/Blur.md,it-IT/Characters_Codex/06_Spellcasting/Spell_Descriptions/B/Blur.md,non iniziato,
Character's Codex,en-US/Characters_Codex/06_Spellcasting/Spell_Descriptions/B/Bragolbelegs_Acid_Bolt.md,it-IT/Characters_Codex/06_Spellcasting/Spell_Descriptions/B/Bragolbelegs_Acid_Bolt.md,non iniziato,
Character's Codex,en-US/Characters_Codex/06_Spellcasting/Spell_Descriptions/B/Branding_Smite.md,it-IT/Characters_Codex/06_Spellcasting/Spell_Descriptions/B/Branding_Smite.md,non iniziato,
Character's Codex,en-US/Characters_Codex/06_Spellcasting/Spell_Descriptions/B/Burning_Hands.md,it-IT/Characters_Codex/06_Spellcasting/Spell_Descriptions/B/Burning_Hands.md,non iniziato,
Character's Codex,en-US/Characters_Codex/06_Spellcasting/Spell_Descriptions/B/_B.md,it-IT/Characters_Codex/06_Spellcasting/Spell_Descriptions/B/_B.md,non iniziato,
Character's Codex,en-US/Characters_Codex/06_Spellcasting/Spell_Descriptions/C/Call_Lightning.md,it-IT/Characters_Codex/06_Spellcasting/Spell_Descriptions/C/Call_Lightning.md,non iniziato,
Character's Codex,en-US/Characters_Codex/06_Spellcasting/Spell_Descriptions/C/Calm_Emotions.md,it-IT/Characters_Codex/06_Spellcasting/Spell_Descriptions/C/Calm_Emotions.md,non iniziato,
Character's Codex,en-US/Characters_Codex/06_Spellcasting/Spell_Descriptions/C/Ceremony.md,it-IT/Characters_Codex/06_Spellcasting/Spell_Descriptions/C/Ceremony.md,non iniziato,
Character's Codex,en-US/Characters_Codex/06_Spellcasting/Spell_Descriptions/C/Cerilsens_Secret_Chest.md,it-IT/Characters_Codex/06_Spellcasting/Spell_Descriptions/C/Cerilsens_Secret_Chest.md,non iniziato,
Character's Codex,en-US/Characters_Codex/06_Spellcasting/Spell_Descriptions/C/Chain_Lightning.md,it-IT/Characters_Codex/06_Spellcasting/Spell_Descriptions/C/Chain_Lightning.md,non iniziato,
Character's Codex,en-US/Characters_Codex/06_Spellcasting/Spell_Descriptions/C/Charm_Monster.md,it-IT/Characters_Codex/06_Spellcasting/Spell_Descriptions/C/Charm_Monster.md,non iniziato,
Character's Codex,en-US/Characters_Codex/06_Spellcasting/Spell_Descriptions/C/Charm_Person.md,it-IT/Characters_Codex/06_Spellcasting/Spell_Descriptions/C/Charm_Person.md,non iniziato,
Character's Codex,en-US/Characters_Codex/06_Spellcasting/Spell_Descriptions/C/Chill_Touch.md,it-IT/Characters_Codex/06_Spellcasting/Spell_Descriptions/C/Chill_Touch.md,non iniziato,
Character's Codex,en-US/Characters_Codex/06_Spellcasting/Spell_Descriptions/C/Chloes_Faithful_Hound.md,it-IT/Characters_Codex/06_Spellcasting/Spell_Descriptions/C/Chloes_Faithful_Hound.md,non iniziato,
Character's Codex,en-US/Characters_Codex/06_Spellcasting/Spell_Descriptions/C/Circle_of_Death.md,it-IT/Characters_Codex/06_Spellcasting/Spell_Descriptions/C/Circle_of_Death.md,non iniziato,
Character's Codex,en-US/Characters_Codex/06_Spellcasting/Spell_Descriptions/C/Clairvoyance.md,it-IT/Characters_Codex/06_Spellcasting/Spell_Descriptions/C/Clairvoyance.md,non iniziato,
Character's Codex,en-US/Characters_Codex/06_Spellcasting/Spell_Descriptions/C/Clone.md,it-IT/Characters_Codex/06_Spellcasting/Spell_Descriptions/C/Clone.md,non iniziato,
Character's Codex,en-US/Characters_Codex/06_Spellcasting/Spell_Descriptions/C/Cloudkill.md,it-IT/Characters_Codex/06_Spellcasting/Spell_Descriptions/C/Cloudkill.md,non iniziato,
Character's Codex,en-US/Characters_Codex/06_Spellcasting/Spell_Descriptions/C/Color_Spray.md,it-IT/Characters_Codex/06_Spellcasting/Spell_Descriptions/C/Color_Spray.md,non iniziato,
Character's Codex,en-US/Characters_Codex/06_Spellcasting/Spell_Descriptions/C/Command.md,it-IT/Characters_Codex/06_Spellcasting/Spell_Descriptions/C/Command.md,non iniziato,
Character's Codex,en-US/Characters_Codex/06_Spellcasting/Spell_Descriptions/C/Commune.md,it-IT/Characters_Codex/06_Spellcasting/Spell_Descriptions/C/Commune.md,non iniziato,
Character's Codex,en-US/Characters_Codex/06_Spellcasting/Spell_Descriptions/C/Commune_with_Nature.md,it-IT/Characters_Codex/06_Spellcasting/Spell_Descriptions/C/Commune_with_Nature.md,non iniziato,
Character's Codex,en-US/Characters_Codex/06_Spellcasting/Spell_Descriptions/C/Comprehend_Languages.md,it-IT/Characters_Codex/06_Spellcasting/Spell_Descriptions/C/Comprehend_Languages.md,non iniziato,
Character's Codex,en-US/Characters_Codex/06_Spellcasting/Spell_Descriptions/C/Compulsion.md,it-IT/Characters_Codex/06_Spellcasting/Spell_Descriptions/C/Compulsion.md,non iniziato,
Character's Codex,en-US/Characters_Codex/06_Spellcasting/Spell_Descriptions/C/Cone_of_Cold.md,it-IT/Characters_Codex/06_Spellcasting/Spell_Descriptions/C/Cone_of_Cold.md,non iniziato,
Character's Codex,en-US/Characters_Codex/06_Spellcasting/Spell_Descriptions/C/Confound.md,it-IT/Characters_Codex/06_Spellcasting/Spell_Descriptions/C/Confound.md,non iniziato,
Character's Codex,en-US/Characters_Codex/06_Spellcasting/Spell_Descriptions/C/Confusion.md,it-IT/Characters_Codex/06_Spellcasting/Spell_Descriptions/C/Confusion.md,non iniziato,
Character's Codex,en-US/Characters_Codex/06_Spellcasting/Spell_Descriptions/C/Conjure_Animals.md,it-IT/Characters_Codex/06_Spellcasting/Spell_Descriptions/C/Conjure_Animals.md,non iniziato,
Character's Codex,en-US/Characters_Codex/06_Spellcasting/Spell_Descriptions/C/Conjure_Celestial.md,it-IT/Characters_Codex/06_Spellcasting/Spell_Descriptions/C/Conjure_Celestial.md,non iniziato,
Character's Codex,en-US/Characters_Codex/06_Spellcasting/Spell_Descriptions/C/Conjure_Elemental.md,it-IT/Characters_Codex/06_Spellcasting/Spell_Descriptions/C/Conjure_Elemental.md,non iniziato,
Character's Codex,en-US/Characters_Codex/06_Spellcasting/Spell_Descriptions/C/Conjure_Fey.md,it-IT/Characters_Codex/06_Spellcasting/Spell_Descriptions/C/Conjure_Fey.md,non iniziato,
Character's Codex,en-US/Characters_Codex/06_Spellcasting/Spell_Descriptions/C/Conjure_Minor_Elementals.md,it-IT/Characters_Codex/06_Spellcasting/Spell_Descriptions/C/Conjure_Minor_Elementals.md,non iniziato,
Character's Codex,en-US/Characters_Codex/06_Spellcasting/Spell_Descriptions/C/Conjure_Woodland_Beings.md,it-IT/Characters_Codex/06_Spellcasting/Spell_Descriptions/C/Conjure_Woodland_Beings.md,non iniziato,
Character's Codex,en-US/Characters_Codex/06_Spellcasting/Spell_Descriptions/C/Contact_other_Plane.md,it-IT/Characters_Codex/06_Spellcasting/Spell_Descriptions/C/Contact_other_Plane.md,non iniziato,
Character's Codex,en-US/Characters_Codex/06_Spellcasting/Spell_Descriptions/C/Contagion.md,it-IT/Characters_Codex/06_Spellcasting/Spell_Descriptions/C/Contagion.md,non iniziato,
Character's Codex,en-US/Characters_Codex/06_Spellcasting/Spell_Descriptions/C/Contingency.md,it-IT/Characters_Codex/06_Spellcasting/Spell_Descriptions/C/Contingency.md,non iniziato,
Character's Codex,en-US/Characters_Codex/06_Spellcasting/Spell_Descriptions/C/Continual_Flame.md,it-IT/Characters_Codex/06_Spellcasting/Spell_Descriptions/C/Continual_Flame.md,non iniziato,
Character's Codex,en-US/Characters_Codex/06_Spellcasting/Spell_Descriptions/C/Control_Water.md,it-IT/Characters_Codex/06_Spellcasting/Spell_Descriptions/C/Control_Water.md,non iniziato,
Character's Codex,en-US/Characters_Codex/06_Spellcasting/Spell_Descriptions/C/Control_Weather.md,it-IT/Characters_Codex/06_Spellcasting/Spell_Descriptions/C/Control_Weather.md,non iniziato,
Character's Codex,en-US/Characters_Codex/06_Spellcasting/Spell_Descriptions/C/Converse_with_Animals.md,it-IT/Characters_Codex/06_Spellcasting/Spell_Descriptions/C/Converse_with_Animals.md,non iniziato,
Character's Codex,en-US/Characters_Codex/06_Spellcasting/Spell_Descriptions/C/Converse_with_Plants.md,it-IT/Characters_Codex/06_Spellcasting/Spell_Descriptions/C/Converse_with_Plants.md,non iniziato,
Character's Codex,en-US/Characters_Codex/06_Spellcasting/Spell_Descriptions/C/Coreadors_Black_Tentacles.md,it-IT/Characters_Codex/06_Spellcasting/Spell_Descriptions/C/Coreadors_Black_Tentacles.md,non iniziato,
Character's Codex,en-US/Characters_Codex/06_Spellcasting/Spell_Descriptions/C/Counterspell.md,it-IT/Characters_Codex/06_Spellcasting/Spell_Descriptions/C/Counterspell.md,non iniziato,
Character's Codex,en-US/Characters_Codex/06_Spellcasting/Spell_Descriptions/C/Create_Food_and_Water.md,it-IT/Characters_Codex/06_Spellcasting/Spell_Descriptions/C/Create_Food_and_Water.md,non iniziato,
Character's Codex,en-US/Characters_Codex/06_Spellcasting/Spell_Descriptions/C/Create_Undead.md,it-IT/Characters_Codex/06_Spellcasting/Spell_Descriptions/C/Create_Undead.md,non iniziato,
Character's Codex,en-US/Characters_Codex/06_Spellcasting/Spell_Descriptions/C/Create_or_Destroy_Water.md,it-IT/Characters_Codex/06_Spellcasting/Spell_Descriptions/C/Create_or_Destroy_Water.md,non iniziato,
Character's Codex,en-US/Characters_Codex/06_Spellcasting/Spell_Descriptions/C/Creation.md,it-IT/Characters_Codex/06_Spellcasting/Spell_Descriptions/C/Creation.md,non iniziato,
Character's Codex,en-US/Characters_Codex/06_Spellcasting/Spell_Descriptions/C/Cure_Wounds.md,it-IT/Characters_Codex/06_Spellcasting/Spell_Descriptions/C/Cure_Wounds.md,non iniziato,
Character's Codex,en-US/Characters_Codex/06_Spellcasting/Spell_Descriptions/C/_C.md,it-IT/Characters_Codex/06_Spellcasting/Spell_Descriptions/C/_C.md,non iniziato,
Character's Codex,en-US/Characters_Codex/06_Spellcasting/Spell_Descriptions/D/DTs_Magic_Aura.md,it-IT/Characters_Codex/06_Spellcasting/Spell_Descriptions/D/DTs_Magic_Aura.md,non iniziato,
Character's Codex,en-US/Characters_Codex/06_Spellcasting/Spell_Descriptions/D/Dancing_Lights.md,it-IT/Characters_Codex/06_Spellcasting/Spell_Descriptions/D/Dancing_Lights.md,non iniziato,
Character's Codex,en-US/Characters_Codex/06_Spellcasting/Spell_Descriptions/D/Darkness.md,it-IT/Characters_Codex/06_Spellcasting/Spell_Descriptions/D/Darkness.md,non iniziato,
Character's Codex,en-US/Characters_Codex/06_Spellcasting/Spell_Descriptions/D/Darkvision.md,it-IT/Characters_Codex/06_Spellcasting/Spell_Descriptions/D/Darkvision.md,non iniziato,
Character's Codex,en-US/Characters_Codex/06_Spellcasting/Spell_Descriptions/D/Daylight.md,it-IT/Characters_Codex/06_Spellcasting/Spell_Descriptions/D/Daylight.md,non iniziato,
Character's Codex,en-US/Characters_Codex/06_Spellcasting/Spell_Descriptions/D/Death_Ward.md,it-IT/Characters_Codex/06_Spellcasting/Spell_Descriptions/D/Death_Ward.md,non iniziato,
Character's Codex,en-US/Characters_Codex/06_Spellcasting/Spell_Descriptions/D/Delayed_Blast_Fireball.md,it-IT/Characters_Codex/06_Spellcasting/Spell_Descriptions/D/Delayed_Blast_Fireball.md,non iniziato,
Character's Codex,en-US/Characters_Codex/06_Spellcasting/Spell_Descriptions/D/Demiplane.md,it-IT/Characters_Codex/06_Spellcasting/Spell_Descriptions/D/Demiplane.md,non iniziato,
Character's Codex,en-US/Characters_Codex/06_Spellcasting/Spell_Descriptions/D/Detect_Evil_and_Good.md,it-IT/Characters_Codex/06_Spellcasting/Spell_Descriptions/D/Detect_Evil_and_Good.md,non iniziato,
Character's Codex,en-US/Characters_Codex/06_Spellcasting/Spell_Descriptions/D/Detect_Magic.md,it-IT/Characters_Codex/06_Spellcasting/Spell_Descriptions/D/Detect_Magic.md,non iniziato,
Character's Codex,en-US/Characters_Codex/06_Spellcasting/Spell_Descriptions/D/Detect_Poison_and_Disease.md,it-IT/Characters_Codex/06_Spellcasting/Spell_Descriptions/D/Detect_Poison_and_Disease.md,non iniziato,
Character's Codex,en-US/Characters_Codex/06_Spellcasting/Spell_Descriptions/D/Detect_Thoughts.md,it-IT/Characters_Codex/06_Spellcasting/Spell_Descriptions/D/Detect_Thoughts.md,non iniziato,
Character's Codex,en-US/Characters_Codex/06_Spellcasting/Spell_Descriptions/D/Dimension_Door.md,it-IT/Characters_Codex/06_Spellcasting/Spell_Descriptions/D/Dimension_Door.md,non iniziato,
Character's Codex,en-US/Characters_Codex/06_Spellcasting/Spell_Descriptions/D/Disguise_Self.md,it-IT/Characters_Codex/06_Spellcasting/Spell_Descriptions/D/Disguise_Self.md,non iniziato,
Character's Codex,en-US/Characters_Codex/06_Spellcasting/Spell_Descriptions/D/Disintegrate.md,it-IT/Characters_Codex/06_Spellcasting/Spell_Descriptions/D/Disintegrate.md,non iniziato,
Character's Codex,en-US/Characters_Codex/06_Spellcasting/Spell_Descriptions/D/Dispel_Evil_and_Good.md,it-IT/Characters_Codex/06_Spellcasting/Spell_Descriptions/D/Dispel_Evil_and_Good.md,non iniziato,
Character's Codex,en-US/Characters_Codex/06_Spellcasting/Spell_Descriptions/D/Dispel_Magic.md,it-IT/Characters_Codex/06_Spellcasting/Spell_Descriptions/D/Dispel_Magic.md,non iniziato,
Character's Codex,en-US/Characters_Codex/06_Spellcasting/Spell_Descriptions/D/Divination.md,it-IT/Characters_Codex/06_Spellcasting/Spell_Descriptions/D/Divination.md,non iniziato,
Character's Codex,en-US/Characters_Codex/06_Spellcasting/Spell_Descriptions/D/Divine_Favor.md,it-IT/Characters_Codex/06_Spellcasting/Spell_Descriptions/D/Divine_Favor.md,non iniziato,
Character's Codex,en-US/Characters_Codex/06_Spellcasting/Spell_Descriptions/D/Divine_Word.md,it-IT/Characters_Codex/06_Spellcasting/Spell_Descriptions/D/Divine_Word.md,non iniziato,
Character's Codex,en-US/Characters_Codex/06_Spellcasting/Spell_Descriptions/D/Dominate_Beast.md,it-IT/Characters_Codex/06_Spellcasting/Spell_Descriptions/D/Dominate_Beast.md,non iniziato,
Character's Codex,en-US/Characters_Codex/06_Spellcasting/Spell_Descriptions/D/Dominate_Monster.md,it-IT/Characters_Codex/06_Spellcasting/Spell_Descriptions/D/Dominate_Monster.md,non iniziato,
Character's Codex,en-US/Characters_Codex/06_Spellcasting/Spell_Descriptions/D/Dominate_Person.md,it-IT/Characters_Codex/06_Spellcasting/Spell_Descriptions/D/Dominate_Person.md,non iniziato,
Character's Codex,en-US/Characters_Codex/06_Spellcasting/Spell_Descriptions/D/Dream.md,it-IT/Characters_Codex/06_Spellcasting/Spell_Descriptions/D/Dream.md,non iniziato,
Character's Codex,en-US/Characters_Codex/06_Spellcasting/Spell_Descriptions/D/_D.md,it-IT/Characters_Codex/06_Spellcasting/Spell_Descriptions/D/_D.md,non iniziato,
Character's Codex,en-US/Characters_Codex/06_Spellcasting/Spell_Descriptions/E/Earthquake.md,it-IT/Characters_Codex/06_Spellcasting/Spell_Descriptions/E/Earthquake.md,non iniziato,
Character's Codex,en-US/Characters_Codex/06_Spellcasting/Spell_Descriptions/E/Eldritch_Blast.md,it-IT/Characters_Codex/06_Spellcasting/Spell_Descriptions/E/Eldritch_Blast.md,non iniziato,
Character's Codex,en-US/Characters_Codex/06_Spellcasting/Spell_Descriptions/E/Emmas_Irresistible_Dance.md,it-IT/Characters_Codex/06_Spellcasting/Spell_Descriptions/E/Emmas_Irresistible_Dance.md,non iniziato,
Character's Codex,en-US/Characters_Codex/06_Spellcasting/Spell_Descriptions/E/Enhance_Ability.md,it-IT/Characters_Codex/06_Spellcasting/Spell_Descriptions/E/Enhance_Ability.md,non iniziato,
Character's Codex,en-US/Characters_Codex/06_Spellcasting/Spell_Descriptions/E/Enlarge_Reduce.md,it-IT/Characters_Codex/06_Spellcasting/Spell_Descriptions/E/Enlarge_Reduce.md,non iniziato,
Character's Codex,en-US/Characters_Codex/06_Spellcasting/Spell_Descriptions/E/Entangle.md,it-IT/Characters_Codex/06_Spellcasting/Spell_Descriptions/E/Entangle.md,non iniziato,
Character's Codex,en-US/Characters_Codex/06_Spellcasting/Spell_Descriptions/E/Enthrall.md,it-IT/Characters_Codex/06_Spellcasting/Spell_Descriptions/E/Enthrall.md,non iniziato,
Character's Codex,en-US/Characters_Codex/06_Spellcasting/Spell_Descriptions/E/Etherealness.md,it-IT/Characters_Codex/06_Spellcasting/Spell_Descriptions/E/Etherealness.md,non iniziato,
Character's Codex,en-US/Characters_Codex/06_Spellcasting/Spell_Descriptions/E/Expeditious_Retreat.md,it-IT/Characters_Codex/06_Spellcasting/Spell_Descriptions/E/Expeditious_Retreat.md,non iniziato,
Character's Codex,en-US/Characters_Codex/06_Spellcasting/Spell_Descriptions/E/Eyebite.md,it-IT/Characters_Codex/06_Spellcasting/Spell_Descriptions/E/Eyebite.md,non iniziato,
Character's Codex,en-US/Characters_Codex/06_Spellcasting/Spell_Descriptions/E/_E.md,it-IT/Characters_Codex/06_Spellcasting/Spell_Descriptions/E/_E.md,non iniziato,
Character's Codex,en-US/Characters_Codex/06_Spellcasting/Spell_Descriptions/F/Fabricate.md,it-IT/Characters_Codex/06_Spellcasting/Spell_Descriptions/F/Fabricate.md,non iniziato,
Character's Codex,en-US/Characters_Codex/06_Spellcasting/Spell_Descriptions/F/Faerie_Fire.md,it-IT/Characters_Codex/06_Spellcasting/Spell_Descriptions/F/Faerie_Fire.md,non iniziato,
Character's Codex,en-US/Characters_Codex/06_Spellcasting/Spell_Descriptions/F/False_Life.md,it-IT/Characters_Codex/06_Spellcasting/Spell_Descriptions/F/False_Life.md,non iniziato,
Character's Codex,en-US/Characters_Codex/06_Spellcasting/Spell_Descriptions/F/Fear.md,it-IT/Characters_Codex/06_Spellcasting/Spell_Descriptions/F/Fear.md,non iniziato,
Character's Codex,en-US/Characters_Codex/06_Spellcasting/Spell_Descriptions/F/Feather_Fall.md,it-IT/Characters_Codex/06_Spellcasting/Spell_Descriptions/F/Feather_Fall.md,non iniziato,
Character's Codex,en-US/Characters_Codex/06_Spellcasting/Spell_Descriptions/F/Find_Familiar.md,it-IT/Characters_Codex/06_Spellcasting/Spell_Descriptions/F/Find_Familiar.md,non iniziato,
Character's Codex,en-US/Characters_Codex/06_Spellcasting/Spell_Descriptions/F/Find_Steed.md,it-IT/Characters_Codex/06_Spellcasting/Spell_Descriptions/F/Find_Steed.md,non iniziato,
Character's Codex,en-US/Characters_Codex/06_Spellcasting/Spell_Descriptions/F/Find_Traps.md,it-IT/Characters_Codex/06_Spellcasting/Spell_Descriptions/F/Find_Traps.md,non iniziato,
Character's Codex,en-US/Characters_Codex/06_Spellcasting/Spell_Descriptions/F/Find_the_Path.md,it-IT/Characters_Codex/06_Spellcasting/Spell_Descriptions/F/Find_the_Path.md,non iniziato,
Character's Codex,en-US/Characters_Codex/06_Spellcasting/Spell_Descriptions/F/Finger_of_Death.md,it-IT/Characters_Codex/06_Spellcasting/Spell_Descriptions/F/Finger_of_Death.md,non iniziato,
Character's Codex,en-US/Characters_Codex/06_Spellcasting/Spell_Descriptions/F/Fionas_Freezing_Sphere.md,it-IT/Characters_Codex/06_Spellcasting/Spell_Descriptions/F/Fionas_Freezing_Sphere.md,non iniziato,
Character's Codex,en-US/Characters_Codex/06_Spellcasting/Spell_Descriptions/F/Fire_Bolt.md,it-IT/Characters_Codex/06_Spellcasting/Spell_Descriptions/F/Fire_Bolt.md,non iniziato,
Character's Codex,en-US/Characters_Codex/06_Spellcasting/Spell_Descriptions/F/Fire_Shield.md,it-IT/Characters_Codex/06_Spellcasting/Spell_Descriptions/F/Fire_Shield.md,non iniziato,
Character's Codex,en-US/Characters_Codex/06_Spellcasting/Spell_Descriptions/F/Fire_Storm.md,it-IT/Characters_Codex/06_Spellcasting/Spell_Descriptions/F/Fire_Storm.md,non iniziato,
Character's Codex,en-US/Characters_Codex/06_Spellcasting/Spell_Descriptions/F/Fireball.md,it-IT/Characters_Codex/06_Spellcasting/Spell_Descriptions/F/Fireball.md,non iniziato,
Character's Codex,en-US/Characters_Codex/06_Spellcasting/Spell_Descriptions/F/Flame_Blade.md,it-IT/Characters_Codex/06_Spellcasting/Spell_Descriptions/F/Flame_Blade.md,non iniziato,
Character's Codex,en-US/Characters_Codex/06_Spellcasting/Spell_Descriptions/F/Flame_Strike.md,it-IT/Characters_Codex/06_Spellcasting/Spell_Descriptions/F/Flame_Strike.md,non iniziato,
Character's Codex,en-US/Characters_Codex/06_Spellcasting/Spell_Descriptions/F/Flaming_Sphere.md,it-IT/Characters_Codex/06_Spellcasting/Spell_Descriptions/F/Flaming_Sphere.md,non iniziato,
Character's Codex,en-US/Characters_Codex/06_Spellcasting/Spell_Descriptions/F/Flesh_to_Stone.md,it-IT/Characters_Codex/06_Spellcasting/Spell_Descriptions/F/Flesh_to_Stone.md,non iniziato,
Character's Codex,en-US/Characters_Codex/06_Spellcasting/Spell_Descriptions/F/Fly.md,it-IT/Characters_Codex/06_Spellcasting/Spell_Descriptions/F/Fly.md,non iniziato,
Character's Codex,en-US/Characters_Codex/06_Spellcasting/Spell_Descriptions/F/Fog_Cloud.md,it-IT/Characters_Codex/06_Spellcasting/Spell_Descriptions/F/Fog_Cloud.md,non iniziato,
Character's Codex,en-US/Characters_Codex/06_Spellcasting/Spell_Descriptions/F/Forbiddance.md,it-IT/Characters_Codex/06_Spellcasting/Spell_Descriptions/F/Forbiddance.md,non iniziato,
Character's Codex,en-US/Characters_Codex/06_Spellcasting/Spell_Descriptions/F/Forcecage.md,it-IT/Characters_Codex/06_Spellcasting/Spell_Descriptions/F/Forcecage.md,non iniziato,
Character's Codex,en-US/Characters_Codex/06_Spellcasting/Spell_Descriptions/F/Foresight.md,it-IT/Characters_Codex/06_Spellcasting/Spell_Descriptions/F/Foresight.md,non iniziato,
Character's Codex,en-US/Characters_Codex/06_Spellcasting/Spell_Descriptions/F/Freedom_of_Movement.md,it-IT/Characters_Codex/06_Spellcasting/Spell_Descriptions/F/Freedom_of_Movement.md,non iniziato,
Character's Codex,en-US/Characters_Codex/06_Spellcasting/Spell_Descriptions/F/Friends.md,it-IT/Characters_Codex/06_Spellcasting/Spell_Descriptions/F/Friends.md,non iniziato,
Character's Codex,en-US/Characters_Codex/06_Spellcasting/Spell_Descriptions/F/_F.md,it-IT/Characters_Codex/06_Spellcasting/Spell_Descriptions/F/_F.md,non iniziato,
Character's Codex,en-US/Characters_Codex/06_Spellcasting/Spell_Descriptions/G/Gaseous_Form.md,it-IT/Characters_Codex/06_Spellcasting/Spell_Descriptions/G/Gaseous_Form.md,non iniziato,
Character's Codex,en-US/Characters_Codex/06_Spellcasting/Spell_Descriptions/G/Gate.md,it-IT/Characters_Codex/06_Spellcasting/Spell_Descriptions/G/Gate.md,non iniziato,
Character's Codex,en-US/Characters_Codex/06_Spellcasting/Spell_Descriptions/G/Geas.md,it-IT/Characters_Codex/06_Spellcasting/Spell_Descriptions/G/Geas.md,non iniziato,
Character's Codex,en-US/Characters_Codex/06_Spellcasting/Spell_Descriptions/G/Gentle_Repose.md,it-IT/Characters_Codex/06_Spellcasting/Spell_Descriptions/G/Gentle_Repose.md,non iniziato,
Character's Codex,en-US/Characters_Codex/06_Spellcasting/Spell_Descriptions/G/Giant_Insect.md,it-IT/Characters_Codex/06_Spellcasting/Spell_Descriptions/G/Giant_Insect.md,non iniziato,
Character's Codex,en-US/Characters_Codex/06_Spellcasting/Spell_Descriptions/G/Glibness.md,it-IT/Characters_Codex/06_Spellcasting/Spell_Descriptions/G/Glibness.md,non iniziato,
Character's Codex,en-US/Characters_Codex/06_Spellcasting/Spell_Descriptions/G/Globe_of_Invulnerability.md,it-IT/Characters_Codex/06_Spellcasting/Spell_Descriptions/G/Globe_of_Invulnerability.md,non iniziato,
Character's Codex,en-US/Characters_Codex/06_Spellcasting/Spell_Descriptions/G/Glyph_of_Warding.md,it-IT/Characters_Codex/06_Spellcasting/Spell_Descriptions/G/Glyph_of_Warding.md,non iniziato,
Character's Codex,en-US/Characters_Codex/06_Spellcasting/Spell_Descriptions/G/Goodberry.md,it-IT/Characters_Codex/06_Spellcasting/Spell_Descriptions/G/Goodberry.md,non iniziato,
Character's Codex,en-US/Characters_Codex/06_Spellcasting/Spell_Descriptions/G/Grease.md,it-IT/Characters_Codex/06_Spellcasting/Spell_Descriptions/G/Grease.md,non iniziato,
Character's Codex,en-US/Characters_Codex/06_Spellcasting/Spell_Descriptions/G/Greater_Imperceptibility.md,it-IT/Characters_Codex/06_Spellcasting/Spell_Descriptions/G/Greater_Imperceptibility.md,non iniziato,
Character's Codex,en-US/Characters_Codex/06_Spellcasting/Spell_Descriptions/G/Greater_Restoration.md,it-IT/Characters_Codex/06_Spellcasting/Spell_Descriptions/G/Greater_Restoration.md,non iniziato,
Character's Codex,en-US/Characters_Codex/06_Spellcasting/Spell_Descriptions/G/Guardian_of_Faith.md,it-IT/Characters_Codex/06_Spellcasting/Spell_Descriptions/G/Guardian_of_Faith.md,non iniziato,
Character's Codex,en-US/Characters_Codex/06_Spellcasting/Spell_Descriptions/G/Guards_and_Wards.md,it-IT/Characters_Codex/06_Spellcasting/Spell_Descriptions/G/Guards_and_Wards.md,non iniziato,
Character's Codex,en-US/Characters_Codex/06_Spellcasting/Spell_Descriptions/G/Guidance.md,it-IT/Characters_Codex/06_Spellcasting/Spell_Descriptions/G/Guidance.md,non iniziato,
Character's Codex,en-US/Characters_Codex/06_Spellcasting/Spell_Descriptions/G/Guiding_Bolt.md,it-IT/Characters_Codex/06_Spellcasting/Spell_Descriptions/G/Guiding_Bolt.md,non iniziato,
Character's Codex,en-US/Characters_Codex/06_Spellcasting/Spell_Descriptions/G/Gust_of_Wind.md,it-IT/Characters_Codex/06_Spellcasting/Spell_Descriptions/G/Gust_of_Wind.md,non iniziato,
Character's Codex,en-US/Characters_Codex/06_Spellcasting/Spell_Descriptions/G/_G.md,it-IT/Characters_Codex/06_Spellcasting/Spell_Descriptions/G/_G.md,non iniziato,
Character's Codex,en-US/Characters_Codex/06_Spellcasting/Spell_Descriptions/H/Hallow.md,it-IT/Characters_Codex/06_Spellcasting/Spell_Descriptions/H/Hallow.md,non iniziato,
Character's Codex,en-US/Characters_Codex/06_Spellcasting/Spell_Descriptions/H/Hallucinatory_Terrain.md,it-IT/Characters_Codex/06_Spellcasting/Spell_Descriptions/H/Hallucinatory_Terrain.md,non iniziato,
Character's Codex,en-US/Characters_Codex/06_Spellcasting/Spell_Descriptions/H/Harm.md,it-IT/Characters_Codex/06_Spellcasting/Spell_Descriptions/H/Harm.md,non iniziato,
Character's Codex,en-US/Characters_Codex/06_Spellcasting/Spell_Descriptions/H/Haste.md,it-IT/Characters_Codex/06_Spellcasting/Spell_Descriptions/H/Haste.md,non iniziato,
Character's Codex,en-US/Characters_Codex/06_Spellcasting/Spell_Descriptions/H/Heal.md,it-IT/Characters_Codex/06_Spellcasting/Spell_Descriptions/H/Heal.md,non iniziato,
Character's Codex,en-US/Characters_Codex/06_Spellcasting/Spell_Descriptions/H/Healing_Word.md,it-IT/Characters_Codex/06_Spellcasting/Spell_Descriptions/H/Healing_Word.md,non iniziato,
Character's Codex,en-US/Characters_Codex/06_Spellcasting/Spell_Descriptions/H/Heat_Metal.md,it-IT/Characters_Codex/06_Spellcasting/Spell_Descriptions/H/Heat_Metal.md,non iniziato,
Character's Codex,en-US/Characters_Codex/06_Spellcasting/Spell_Descriptions/H/Hellish_Rebuke.md,it-IT/Characters_Codex/06_Spellcasting/Spell_Descriptions/H/Hellish_Rebuke.md,non iniziato,
Character's Codex,en-US/Characters_Codex/06_Spellcasting/Spell_Descriptions/H/Heroes_Feast.md,it-IT/Characters_Codex/06_Spellcasting/Spell_Descriptions/H/Heroes_Feast.md,non iniziato,
Character's Codex,en-US/Characters_Codex/06_Spellcasting/Spell_Descriptions/H/Heroism.md,it-IT/Characters_Codex/06_Spellcasting/Spell_Descriptions/H/Heroism.md,non iniziato,
Character's Codex,en-US/Characters_Codex/06_Spellcasting/Spell_Descriptions/H/Hex.md,it-IT/Characters_Codex/06_Spellcasting/Spell_Descriptions/H/Hex.md,non iniziato,
Character's Codex,en-US/Characters_Codex/06_Spellcasting/Spell_Descriptions/H/Hold_Monster.md,it-IT/Characters_Codex/06_Spellcasting/Spell_Descriptions/H/Hold_Monster.md,non iniziato,
Character's Codex,en-US/Characters_Codex/06_Spellcasting/Spell_Descriptions/H/Hold_Person.md,it-IT/Characters_Codex/06_Spellcasting/Spell_Descriptions/H/Hold_Person.md,non iniziato,
Character's Codex,en-US/Characters_Codex/06_Spellcasting/Spell_Descriptions/H/Holy_Aura.md,it-IT/Characters_Codex/06_Spellcasting/Spell_Descriptions/H/Holy_Aura.md,non iniziato,
Character's Codex,en-US/Characters_Codex/06_Spellcasting/Spell_Descriptions/H/Hunters_Mark.md,it-IT/Characters_Codex/06_Spellcasting/Spell_Descriptions/H/Hunters_Mark.md,non iniziato,
Character's Codex,en-US/Characters_Codex/06_Spellcasting/Spell_Descriptions/H/Hypnotic_Pattern.md,it-IT/Characters_Codex/06_Spellcasting/Spell_Descriptions/H/Hypnotic_Pattern.md,non iniziato,
Character's Codex,en-US/Characters_Codex/06_Spellcasting/Spell_Descriptions/H/_H.md,it-IT/Characters_Codex/06_Spellcasting/Spell_Descriptions/H/_H.md,non iniziato,
Character's Codex,en-US/Characters_Codex/06_Spellcasting/Spell_Descriptions/I/Ice_Storm.md,it-IT/Characters_Codex/06_Spellcasting/Spell_Descriptions/I/Ice_Storm.md,non iniziato,
Character's Codex,en-US/Characters_Codex/06_Spellcasting/Spell_Descriptions/I/Identify.md,it-IT/Characters_Codex/06_Spellcasting/Spell_Descriptions/I/Identify.md,non iniziato,
Character's Codex,en-US/Characters_Codex/06_Spellcasting/Spell_Descriptions/I/Illusory_Script.md,it-IT/Characters_Codex/06_Spellcasting/Spell_Descriptions/I/Illusory_Script.md,non iniziato,
Character's Codex,en-US/Characters_Codex/06_Spellcasting/Spell_Descriptions/I/Imperceptibility.md,it-IT/Characters_Codex/06_Spellcasting/Spell_Descriptions/I/Imperceptibility.md,non iniziato,
Character's Codex,en-US/Characters_Codex/06_Spellcasting/Spell_Descriptions/I/Imprisonment.md,it-IT/Characters_Codex/06_Spellcasting/Spell_Descriptions/I/Imprisonment.md,non iniziato,
Character's Codex,en-US/Characters_Codex/06_Spellcasting/Spell_Descriptions/I/Incendiary_Cloud.md,it-IT/Characters_Codex/06_Spellcasting/Spell_Descriptions/I/Incendiary_Cloud.md,non iniziato,
Character's Codex,en-US/Characters_Codex/06_Spellcasting/Spell_Descriptions/I/Inflict_Wounds.md,it-IT/Characters_Codex/06_Spellcasting/Spell_Descriptions/I/Inflict_Wounds.md,non iniziato,
Character's Codex,en-US/Characters_Codex/06_Spellcasting/Spell_Descriptions/I/Insect_Plague.md,it-IT/Characters_Codex/06_Spellcasting/Spell_Descriptions/I/Insect_Plague.md,non iniziato,
Character's Codex,en-US/Characters_Codex/06_Spellcasting/Spell_Descriptions/I/Izzarts_Swarm_Limb.md,it-IT/Characters_Codex/06_Spellcasting/Spell_Descriptions/I/Izzarts_Swarm_Limb.md,non iniziato,
Character's Codex,en-US/Characters_Codex/06_Spellcasting/Spell_Descriptions/I/_I.md,it-IT/Characters_Codex/06_Spellcasting/Spell_Descriptions/I/_I.md,non iniziato,
Character's Codex,en-US/Characters_Codex/06_Spellcasting/Spell_Descriptions/J/Jesss_Private_Sanctum.md,it-IT/Characters_Codex/06_Spellcasting/Spell_Descriptions/J/Jesss_Private_Sanctum.md,non iniziato,
Character's Codex,en-US/Characters_Codex/06_Spellcasting/Spell_Descriptions/J/Jump.md,it-IT/Characters_Codex/06_Spellcasting/Spell_Descriptions/J/Jump.md,non iniziato,
Character's Codex,en-US/Characters_Codex/06_Spellcasting/Spell_Descriptions/J/_J.md,it-IT/Characters_Codex/06_Spellcasting/Spell_Descriptions/J/_J.md,non iniziato,
Character's Codex,en-US/Characters_Codex/06_Spellcasting/Spell_Descriptions/K/Katys_Spectral_Sword.md,it-IT/Characters_Codex/06_Spellcasting/Spell_Descriptions/K/Katys_Spectral_Sword.md,non iniziato,
Character's Codex,en-US/Characters_Codex/06_Spellcasting/Spell_Descriptions/K/Knock.md,it-IT/Characters_Codex/06_Spellcasting/Spell_Descriptions/K/Knock.md,non iniziato,
Character's Codex,en-US/Characters_Codex/06_Spellcasting/Spell_Descriptions/K/_K.md,it-IT/Characters_Codex/06_Spellcasting/Spell_Descriptions/K/_K.md,non iniziato,
Character's Codex,en-US/Characters_Codex/06_Spellcasting/Spell_Descriptions/L/Legend_Lore.md,it-IT/Characters_Codex/06_Spellcasting/Spell_Descriptions/L/Legend_Lore.md,non iniziato,
Character's Codex,en-US/Characters_Codex/06_Spellcasting/Spell_Descriptions/L/Lesser_Restoration.md,it-IT/Characters_Codex/06_Spellcasting/Spell_Descriptions/L/Lesser_Restoration.md,non iniziato,
Character's Codex,en-US/Characters_Codex/06_Spellcasting/Spell_Descriptions/L/Levitate.md,it-IT/Characters_Codex/06_Spellcasting/Spell_Descriptions/L/Levitate.md,non iniziato,
Character's Codex,en-US/Characters_Codex/06_Spellcasting/Spell_Descriptions/L/Light.md,it-IT/Characters_Codex/06_Spellcasting/Spell_Descriptions/L/Light.md,non iniziato,
Character's Codex,en-US/Characters_Codex/06_Spellcasting/Spell_Descriptions/L/Lightning_Bolt.md,it-IT/Characters_Codex/06_Spellcasting/Spell_Descriptions/L/Lightning_Bolt.md,non iniziato,
Character's Codex,en-US/Characters_Codex/06_Spellcasting/Spell_Descriptions/L/Locate_Animals_or_Plants.md,it-IT/Characters_Codex/06_Spellcasting/Spell_Descriptions/L/Locate_Animals_or_Plants.md,non iniziato,
Character's Codex,en-US/Characters_Codex/06_Spellcasting/Spell_Descriptions/L/Locate_Creature.md,it-IT/Characters_Codex/06_Spellcasting/Spell_Descriptions/L/Locate_Creature.md,non iniziato,
Character's Codex,en-US/Characters_Codex/06_Spellcasting/Spell_Descriptions/L/Locate_Object.md,it-IT/Characters_Codex/06_Spellcasting/Spell_Descriptions/L/Locate_Object.md,non iniziato,
Character's Codex,en-US/Characters_Codex/06_Spellcasting/Spell_Descriptions/L/Longstrider.md,it-IT/Characters_Codex/06_Spellcasting/Spell_Descriptions/L/Longstrider.md,non iniziato,
Character's Codex,en-US/Characters_Codex/06_Spellcasting/Spell_Descriptions/L/_L.md,it-IT/Characters_Codex/06_Spellcasting/Spell_Descriptions/L/_L.md,non iniziato,
Character's Codex,en-US/Characters_Codex/06_Spellcasting/Spell_Descriptions/M/Mage_Armor.md,it-IT/Characters_Codex/06_Spellcasting/Spell_Descriptions/M/Mage_Armor.md,non iniziato,
Character's Codex,en-US/Characters_Codex/06_Spellcasting/Spell_Descriptions/M/Mage_Hand.md,it-IT/Characters_Codex/06_Spellcasting/Spell_Descriptions/M/Mage_Hand.md,non iniziato,
Character's Codex,en-US/Characters_Codex/06_Spellcasting/Spell_Descriptions/M/Magic_Circle.md,it-IT/Characters_Codex/06_Spellcasting/Spell_Descriptions/M/Magic_Circle.md,non iniziato,
Character's Codex,en-US/Characters_Codex/06_Spellcasting/Spell_Descriptions/M/Magic_Jar.md,it-IT/Characters_Codex/06_Spellcasting/Spell_Descriptions/M/Magic_Jar.md,non iniziato,
Character's Codex,en-US/Characters_Codex/06_Spellcasting/Spell_Descriptions/M/Magic_Missile.md,it-IT/Characters_Codex/06_Spellcasting/Spell_Descriptions/M/Magic_Missile.md,non iniziato,
Character's Codex,en-US/Characters_Codex/06_Spellcasting/Spell_Descriptions/M/Magic_Mouth.md,it-IT/Characters_Codex/06_Spellcasting/Spell_Descriptions/M/Magic_Mouth.md,non iniziato,
Character's Codex,en-US/Characters_Codex/06_Spellcasting/Spell_Descriptions/M/Magic_Weapon.md,it-IT/Characters_Codex/06_Spellcasting/Spell_Descriptions/M/Magic_Weapon.md,non iniziato,
Character's Codex,en-US/Characters_Codex/06_Spellcasting/Spell_Descriptions/M/Major_Image.md,it-IT/Characters_Codex/06_Spellcasting/Spell_Descriptions/M/Major_Image.md,non iniziato,
Character's Codex,en-US/Characters_Codex/06_Spellcasting/Spell_Descriptions/M/Mass_Cure_Wounds.md,it-IT/Characters_Codex/06_Spellcasting/Spell_Descriptions/M/Mass_Cure_Wounds.md,non iniziato,
Character's Codex,en-US/Characters_Codex/06_Spellcasting/Spell_Descriptions/M/Mass_Heal.md,it-IT/Characters_Codex/06_Spellcasting/Spell_Descriptions/M/Mass_Heal.md,non iniziato,
Character's Codex,en-US/Characters_Codex/06_Spellcasting/Spell_Descriptions/M/Mass_Healing_Word.md,it-IT/Characters_Codex/06_Spellcasting/Spell_Descriptions/M/Mass_Healing_Word.md,non iniziato,
Character's Codex,en-US/Characters_Codex/06_Spellcasting/Spell_Descriptions/M/Mass_Suggestion.md,it-IT/Characters_Codex/06_Spellcasting/Spell_Descriptions/M/Mass_Suggestion.md,non iniziato,
Character's Codex,en-US/Characters_Codex/06_Spellcasting/Spell_Descriptions/M/Maze.md,it-IT/Characters_Codex/06_Spellcasting/Spell_Descriptions/M/Maze.md,non iniziato,
Character's Codex,en-US/Characters_Codex/06_Spellcasting/Spell_Descriptions/M/Meld_into_Stone.md,it-IT/Characters_Codex/06_Spellcasting/Spell_Descriptions/M/Meld_into_Stone.md,non iniziato,
Character's Codex,en-US/Characters_Codex/06_Spellcasting/Spell_Descriptions/M/Melestruas_Marvelous_Marquee.md,it-IT/Characters_Codex/06_Spellcasting/Spell_Descriptions/M/Melestruas_Marvelous_Marquee.md,non iniziato,
Character's Codex,en-US/Characters_Codex/06_Spellcasting/Spell_Descriptions/M/Mending.md,it-IT/Characters_Codex/06_Spellcasting/Spell_Descriptions/M/Mending.md,non iniziato,
Character's Codex,en-US/Characters_Codex/06_Spellcasting/Spell_Descriptions/M/Message.md,it-IT/Characters_Codex/06_Spellcasting/Spell_Descriptions/M/Message.md,non iniziato,
Character's Codex,en-US/Characters_Codex/06_Spellcasting/Spell_Descriptions/M/Meteor_Swarm.md,it-IT/Characters_Codex/06_Spellcasting/Spell_Descriptions/M/Meteor_Swarm.md,non iniziato,
Character's Codex,en-US/Characters_Codex/06_Spellcasting/Spell_Descriptions/M/Mind_Blank.md,it-IT/Characters_Codex/06_Spellcasting/Spell_Descriptions/M/Mind_Blank.md,non iniziato,
Character's Codex,en-US/Characters_Codex/06_Spellcasting/Spell_Descriptions/M/Minor_Illusion.md,it-IT/Characters_Codex/06_Spellcasting/Spell_Descriptions/M/Minor_Illusion.md,non iniziato,
Character's Codex,en-US/Characters_Codex/06_Spellcasting/Spell_Descriptions/M/Mirage_Arcane.md,it-IT/Characters_Codex/06_Spellcasting/Spell_Descriptions/M/Mirage_Arcane.md,non iniziato,
Character's Codex,en-US/Characters_Codex/06_Spellcasting/Spell_Descriptions/M/Mirror_Image.md,it-IT/Characters_Codex/06_Spellcasting/Spell_Descriptions/M/Mirror_Image.md,non iniziato,
Character's Codex,en-US/Characters_Codex/06_Spellcasting/Spell_Descriptions/M/Mislead.md,it-IT/Characters_Codex/06_Spellcasting/Spell_Descriptions/M/Mislead.md,non iniziato,
Character's Codex,en-US/Characters_Codex/06_Spellcasting/Spell_Descriptions/M/Misty_Step.md,it-IT/Characters_Codex/06_Spellcasting/Spell_Descriptions/M/Misty_Step.md,non iniziato,
Character's Codex,en-US/Characters_Codex/06_Spellcasting/Spell_Descriptions/M/Modify_Memory.md,it-IT/Characters_Codex/06_Spellcasting/Spell_Descriptions/M/Modify_Memory.md,non iniziato,
Character's Codex,en-US/Characters_Codex/06_Spellcasting/Spell_Descriptions/M/Moonbeam.md,it-IT/Characters_Codex/06_Spellcasting/Spell_Descriptions/M/Moonbeam.md,non iniziato,
Character's Codex,en-US/Characters_Codex/06_Spellcasting/Spell_Descriptions/M/Morschecks_Hand.md,it-IT/Characters_Codex/06_Spellcasting/Spell_Descriptions/M/Morschecks_Hand.md,non iniziato,
Character's Codex,en-US/Characters_Codex/06_Spellcasting/Spell_Descriptions/M/Move_Earth.md,it-IT/Characters_Codex/06_Spellcasting/Spell_Descriptions/M/Move_Earth.md,non iniziato,
Character's Codex,en-US/Characters_Codex/06_Spellcasting/Spell_Descriptions/M/_M.md,it-IT/Characters_Codex/06_Spellcasting/Spell_Descriptions/M/_M.md,non iniziato,
Character's Codex,en-US/Characters_Codex/06_Spellcasting/Spell_Descriptions/N/Natalexs_Instant_Summons.md,it-IT/Characters_Codex/06_Spellcasting/Spell_Descriptions/N/Natalexs_Instant_Summons.md,non iniziato,
Character's Codex,en-US/Characters_Codex/06_Spellcasting/Spell_Descriptions/N/Naturecraft.md,it-IT/Characters_Codex/06_Spellcasting/Spell_Descriptions/N/Naturecraft.md,non iniziato,
Character's Codex,en-US/Characters_Codex/06_Spellcasting/Spell_Descriptions/N/Nondetection.md,it-IT/Characters_Codex/06_Spellcasting/Spell_Descriptions/N/Nondetection.md,non iniziato,
Character's Codex,en-US/Characters_Codex/06_Spellcasting/Spell_Descriptions/N/Nullify_Sense.md,it-IT/Characters_Codex/06_Spellcasting/Spell_Descriptions/N/Nullify_Sense.md,non iniziato,
Character's Codex,en-US/Characters_Codex/06_Spellcasting/Spell_Descriptions/N/_N.md,it-IT/Characters_Codex/06_Spellcasting/Spell_Descriptions/N/_N.md,non iniziato,
Character's Codex,en-US/Characters_Codex/06_Spellcasting/Spell_Descriptions/P/Paoliellos_Hideous_Laughter.md,it-IT/Characters_Codex/06_Spellcasting/Spell_Descriptions/P/Paoliellos_Hideous_Laughter.md,non iniziato,
Character's Codex,en-US/Characters_Codex/06_Spellcasting/Spell_Descriptions/P/Pass_without_Trace.md,it-IT/Characters_Codex/06_Spellcasting/Spell_Descriptions/P/Pass_without_Trace.md,non iniziato,
Character's Codex,en-US/Characters_Codex/06_Spellcasting/Spell_Descriptions/P/Passwall.md,it-IT/Characters_Codex/06_Spellcasting/Spell_Descriptions/P/Passwall.md,non iniziato,
Character's Codex,en-US/Characters_Codex/06_Spellcasting/Spell_Descriptions/P/Pelhams_Hovering_Platter.md,it-IT/Characters_Codex/06_Spellcasting/Spell_Descriptions/P/Pelhams_Hovering_Platter.md,non iniziato,
Character's Codex,en-US/Characters_Codex/06_Spellcasting/Spell_Descriptions/P/Perceive_the_Imperceptible.md,it-IT/Characters_Codex/06_Spellcasting/Spell_Descriptions/P/Perceive_the_Imperceptible.md,non iniziato,
Character's Codex,en-US/Characters_Codex/06_Spellcasting/Spell_Descriptions/P/Phantasmal_Killer.md,it-IT/Characters_Codex/06_Spellcasting/Spell_Descriptions/P/Phantasmal_Killer.md,non iniziato,
Character's Codex,en-US/Characters_Codex/06_Spellcasting/Spell_Descriptions/P/Phantom_Steed.md,it-IT/Characters_Codex/06_Spellcasting/Spell_Descriptions/P/Phantom_Steed.md,non iniziato,
Character's Codex,en-US/Characters_Codex/06_Spellcasting/Spell_Descriptions/P/Planar_Ally.md,it-IT/Characters_Codex/06_Spellcasting/Spell_Descriptions/P/Planar_Ally.md,non iniziato,
Character's Codex,en-US/Characters_Codex/06_Spellcasting/Spell_Descriptions/P/Planar_Binding.md,it-IT/Characters_Codex/06_Spellcasting/Spell_Descriptions/P/Planar_Binding.md,non iniziato,
Character's Codex,en-US/Characters_Codex/06_Spellcasting/Spell_Descriptions/P/Plane_Shift.md,it-IT/Characters_Codex/06_Spellcasting/Spell_Descriptions/P/Plane_Shift.md,non iniziato,
Character's Codex,en-US/Characters_Codex/06_Spellcasting/Spell_Descriptions/P/Plant_Growth.md,it-IT/Characters_Codex/06_Spellcasting/Spell_Descriptions/P/Plant_Growth.md,non iniziato,
Character's Codex,en-US/Characters_Codex/06_Spellcasting/Spell_Descriptions/P/Poison_Spray.md,it-IT/Characters_Codex/06_Spellcasting/Spell_Descriptions/P/Poison_Spray.md,non iniziato,
Character's Codex,en-US/Characters_Codex/06_Spellcasting/Spell_Descriptions/P/Polymorph.md,it-IT/Characters_Codex/06_Spellcasting/Spell_Descriptions/P/Polymorph.md,non iniziato,
Character's Codex,en-US/Characters_Codex/06_Spellcasting/Spell_Descriptions/P/Power_Word_Kill.md,it-IT/Characters_Codex/06_Spellcasting/Spell_Descriptions/P/Power_Word_Kill.md,non iniziato,
Character's Codex,en-US/Characters_Codex/06_Spellcasting/Spell_Descriptions/P/Power_Word_Stun.md,it-IT/Characters_Codex/06_Spellcasting/Spell_Descriptions/P/Power_Word_Stun.md,non iniziato,
Character's Codex,en-US/Characters_Codex/06_Spellcasting/Spell_Descriptions/P/Prayer_of_Healing.md,it-IT/Characters_Codex/06_Spellcasting/Spell_Descriptions/P/Prayer_of_Healing.md,non iniziato,
Character's Codex,en-US/Characters_Codex/06_Spellcasting/Spell_Descriptions/P/Prestidigitation.md,it-IT/Characters_Codex/06_Spellcasting/Spell_Descriptions/P/Prestidigitation.md,non iniziato,
Character's Codex,en-US/Characters_Codex/06_Spellcasting/Spell_Descriptions/P/Prismatic_Spray.md,it-IT/Characters_Codex/06_Spellcasting/Spell_Descriptions/P/Prismatic_Spray.md,non iniziato,
Character's Codex,en-US/Characters_Codex/06_Spellcasting/Spell_Descriptions/P/Prismatic_Wall.md,it-IT/Characters_Codex/06_Spellcasting/Spell_Descriptions/P/Prismatic_Wall.md,non iniziato,
Character's Codex,en-US/Characters_Codex/06_Spellcasting/Spell_Descriptions/P/Produce_Flame.md,it-IT/Characters_Codex/06_Spellcasting/Spell_Descriptions/P/Produce_Flame.md,non iniziato,
Character's Codex,en-US/Characters_Codex/06_Spellcasting/Spell_Descriptions/P/Programmed_Illusion.md,it-IT/Characters_Codex/06_Spellcasting/Spell_Descriptions/P/Programmed_Illusion.md,non iniziato,
Character's Codex,en-US/Characters_Codex/06_Spellcasting/Spell_Descriptions/P/Project_Image.md,it-IT/Characters_Codex/06_Spellcasting/Spell_Descriptions/P/Project_Image.md,non iniziato,
Character's Codex,en-US/Characters_Codex/06_Spellcasting/Spell_Descriptions/P/Protection_from_Energy.md,it-IT/Characters_Codex/06_Spellcasting/Spell_Descriptions/P/Protection_from_Energy.md,non iniziato,
Character's Codex,en-US/Characters_Codex/06_Spellcasting/Spell_Descriptions/P/Protection_from_Evil_and_Good.md,it-IT/Characters_Codex/06_Spellcasting/Spell_Descriptions/P/Protection_from_Evil_and_Good.md,non iniziato,
Character's Codex,en-US/Characters_Codex/06_Spellcasting/Spell_Descriptions/P/Protection_from_Poison.md,it-IT/Characters_Codex/06_Spellcasting/Spell_Descriptions/P/Protection_from_Poison.md,non iniziato,
Character's Codex,en-US/Characters_Codex/06_Spellcasting/Spell_Descriptions/P/Purify_Food_and_Drink.md,it-IT/Characters_Codex/06_Spellcasting/Spell_Descriptions/P/Purify_Food_and_Drink.md,non iniziato,
Character's Codex,en-US/Characters_Codex/06_Spellcasting/Spell_Descriptions/P/_P.md,it-IT/Characters_Codex/06_Spellcasting/Spell_Descriptions/P/_P.md,non iniziato,
Character's Codex,en-US/Characters_Codex/06_Spellcasting/Spell_Descriptions/Q/Question_the_Dead.md,it-IT/Characters_Codex/06_Spellcasting/Spell_Descriptions/Q/Question_the_Dead.md,non iniziato,
Character's Codex,en-US/Characters_Codex/06_Spellcasting/Spell_Descriptions/Q/_Q.md,it-IT/Characters_Codex/06_Spellcasting/Spell_Descriptions/Q/_Q.md,non iniziato,
Character's Codex,en-US/Characters_Codex/06_Spellcasting/Spell_Descriptions/R/Raise_Dead.md,it-IT/Characters_Codex/06_Spellcasting/Spell_Descriptions/R/Raise_Dead.md,non iniziato,
Character's Codex,en-US/Characters_Codex/06_Spellcasting/Spell_Descriptions/R/Rantocks_Telepathic_Bond.md,it-IT/Characters_Codex/06_Spellcasting/Spell_Descriptions/R/Rantocks_Telepathic_Bond.md,non iniziato,
Character's Codex,en-US/Characters_Codex/06_Spellcasting/Spell_Descriptions/R/Ray_of_Enfeeblement.md,it-IT/Characters_Codex/06_Spellcasting/Spell_Descriptions/R/Ray_of_Enfeeblement.md,non iniziato,
Character's Codex,en-US/Characters_Codex/06_Spellcasting/Spell_Descriptions/R/Ray_of_Frost.md,it-IT/Characters_Codex/06_Spellcasting/Spell_Descriptions/R/Ray_of_Frost.md,non iniziato,
Character's Codex,en-US/Characters_Codex/06_Spellcasting/Spell_Descriptions/R/Regenerate.md,it-IT/Characters_Codex/06_Spellcasting/Spell_Descriptions/R/Regenerate.md,non iniziato,
Character's Codex,en-US/Characters_Codex/06_Spellcasting/Spell_Descriptions/R/Reincarnate.md,it-IT/Characters_Codex/06_Spellcasting/Spell_Descriptions/R/Reincarnate.md,non iniziato,
Character's Codex,en-US/Characters_Codex/06_Spellcasting/Spell_Descriptions/R/Remove_Curse.md,it-IT/Characters_Codex/06_Spellcasting/Spell_Descriptions/R/Remove_Curse.md,non iniziato,
Character's Codex,en-US/Characters_Codex/06_Spellcasting/Spell_Descriptions/R/Resilient_Sphere.md,it-IT/Characters_Codex/06_Spellcasting/Spell_Descriptions/R/Resilient_Sphere.md,non iniziato,
Character's Codex,en-US/Characters_Codex/06_Spellcasting/Spell_Descriptions/R/Resistance.md,it-IT/Characters_Codex/06_Spellcasting/Spell_Descriptions/R/Resistance.md,non iniziato,
Character's Codex,en-US/Characters_Codex/06_Spellcasting/Spell_Descriptions/R/Resurrection.md,it-IT/Characters_Codex/06_Spellcasting/Spell_Descriptions/R/Resurrection.md,non iniziato,
Character's Codex,en-US/Characters_Codex/06_Spellcasting/Spell_Descriptions/R/Reverse_Gravity.md,it-IT/Characters_Codex/06_Spellcasting/Spell_Descriptions/R/Reverse_Gravity.md,non iniziato,
Character's Codex,en-US/Characters_Codex/06_Spellcasting/Spell_Descriptions/R/Revivify.md,it-IT/Characters_Codex/06_Spellcasting/Spell_Descriptions/R/Revivify.md,non iniziato,
Character's Codex,en-US/Characters_Codex/06_Spellcasting/Spell_Descriptions/R/Rope_Trick.md,it-IT/Characters_Codex/06_Spellcasting/Spell_Descriptions/R/Rope_Trick.md,non iniziato,
Character's Codex,en-US/Characters_Codex/06_Spellcasting/Spell_Descriptions/R/_R.md,it-IT/Characters_Codex/06_Spellcasting/Spell_Descriptions/R/_R.md,non iniziato,
Character's Codex,en-US/Characters_Codex/06_Spellcasting/Spell_Descriptions/S/Sacred_Flame.md,it-IT/Characters_Codex/06_Spellcasting/Spell_Descriptions/S/Sacred_Flame.md,non iniziato,
Character's Codex,en-US/Characters_Codex/06_Spellcasting/Spell_Descriptions/S/Sanctuary.md,it-IT/Characters_Codex/06_Spellcasting/Spell_Descriptions/S/Sanctuary.md,non iniziato,
Character's Codex,en-US/Characters_Codex/06_Spellcasting/Spell_Descriptions/S/Scorching_Ray.md,it-IT/Characters_Codex/06_Spellcasting/Spell_Descriptions/S/Scorching_Ray.md,non iniziato,
Character's Codex,en-US/Characters_Codex/06_Spellcasting/Spell_Descriptions/S/Scrying.md,it-IT/Characters_Codex/06_Spellcasting/Spell_Descriptions/S/Scrying.md,non iniziato,
Character's Codex,en-US/Characters_Codex/06_Spellcasting/Spell_Descriptions/S/Seeming.md,it-IT/Characters_Codex/06_Spellcasting/Spell_Descriptions/S/Seeming.md,non iniziato,
Character's Codex,en-US/Characters_Codex/06_Spellcasting/Spell_Descriptions/S/Sending.md,it-IT/Characters_Codex/06_Spellcasting/Spell_Descriptions/S/Sending.md,non iniziato,
Character's Codex,en-US/Characters_Codex/06_Spellcasting/Spell_Descriptions/S/Sequester.md,it-IT/Characters_Codex/06_Spellcasting/Spell_Descriptions/S/Sequester.md,non iniziato,
Character's Codex,en-US/Characters_Codex/06_Spellcasting/Spell_Descriptions/S/Shapechange.md,it-IT/Characters_Codex/06_Spellcasting/Spell_Descriptions/S/Shapechange.md,non iniziato,
Character's Codex,en-US/Characters_Codex/06_Spellcasting/Spell_Descriptions/S/Shatter.md,it-IT/Characters_Codex/06_Spellcasting/Spell_Descriptions/S/Shatter.md,non iniziato,
Character's Codex,en-US/Characters_Codex/06_Spellcasting/Spell_Descriptions/S/Shield.md,it-IT/Characters_Codex/06_Spellcasting/Spell_Descriptions/S/Shield.md,non iniziato,
Character's Codex,en-US/Characters_Codex/06_Spellcasting/Spell_Descriptions/S/Shield_of_Faith.md,it-IT/Characters_Codex/06_Spellcasting/Spell_Descriptions/S/Shield_of_Faith.md,non iniziato,
Character's Codex,en-US/Characters_Codex/06_Spellcasting/Spell_Descriptions/S/Shillelagh.md,it-IT/Characters_Codex/06_Spellcasting/Spell_Descriptions/S/Shillelagh.md,non iniziato,
Character's Codex,en-US/Characters_Codex/06_Spellcasting/Spell_Descriptions/S/Shocking_Grasp.md,it-IT/Characters_Codex/06_Spellcasting/Spell_Descriptions/S/Shocking_Grasp.md,non iniziato,
Character's Codex,en-US/Characters_Codex/06_Spellcasting/Spell_Descriptions/S/Silence.md,it-IT/Characters_Codex/06_Spellcasting/Spell_Descriptions/S/Silence.md,non iniziato,
Character's Codex,en-US/Characters_Codex/06_Spellcasting/Spell_Descriptions/S/Silent_Image.md,it-IT/Characters_Codex/06_Spellcasting/Spell_Descriptions/S/Silent_Image.md,non iniziato,
Character's Codex,en-US/Characters_Codex/06_Spellcasting/Spell_Descriptions/S/Simulacrum.md,it-IT/Characters_Codex/06_Spellcasting/Spell_Descriptions/S/Simulacrum.md,non iniziato,
Character's Codex,en-US/Characters_Codex/06_Spellcasting/Spell_Descriptions/S/Sleep.md,it-IT/Characters_Codex/06_Spellcasting/Spell_Descriptions/S/Sleep.md,non iniziato,
Character's Codex,en-US/Characters_Codex/06_Spellcasting/Spell_Descriptions/S/Sleet_Storm.md,it-IT/Characters_Codex/06_Spellcasting/Spell_Descriptions/S/Sleet_Storm.md,non iniziato,
Character's Codex,en-US/Characters_Codex/06_Spellcasting/Spell_Descriptions/S/Slow.md,it-IT/Characters_Codex/06_Spellcasting/Spell_Descriptions/S/Slow.md,non iniziato,
Character's Codex,en-US/Characters_Codex/06_Spellcasting/Spell_Descriptions/S/Spare_the_Dying.md,it-IT/Characters_Codex/06_Spellcasting/Spell_Descriptions/S/Spare_the_Dying.md,non iniziato,
Character's Codex,en-US/Characters_Codex/06_Spellcasting/Spell_Descriptions/S/Spider_Climb.md,it-IT/Characters_Codex/06_Spellcasting/Spell_Descriptions/S/Spider_Climb.md,non iniziato,
Character's Codex,en-US/Characters_Codex/06_Spellcasting/Spell_Descriptions/S/Spike_Growth.md,it-IT/Characters_Codex/06_Spellcasting/Spell_Descriptions/S/Spike_Growth.md,non iniziato,
Character's Codex,en-US/Characters_Codex/06_Spellcasting/Spell_Descriptions/S/Spirit_Guardians.md,it-IT/Characters_Codex/06_Spellcasting/Spell_Descriptions/S/Spirit_Guardians.md,non iniziato,
Character's Codex,en-US/Characters_Codex/06_Spellcasting/Spell_Descriptions/S/Spiritual_Weapon.md,it-IT/Characters_Codex/06_Spellcasting/Spell_Descriptions/S/Spiritual_Weapon.md,non iniziato,
Character's Codex,en-US/Characters_Codex/06_Spellcasting/Spell_Descriptions/S/Stinking_Cloud.md,it-IT/Characters_Codex/06_Spellcasting/Spell_Descriptions/S/Stinking_Cloud.md,non iniziato,
Character's Codex,en-US/Characters_Codex/06_Spellcasting/Spell_Descriptions/S/Stone_Shape.md,it-IT/Characters_Codex/06_Spellcasting/Spell_Descriptions/S/Stone_Shape.md,non iniziato,
Character's Codex,en-US/Characters_Codex/06_Spellcasting/Spell_Descriptions/S/Stoneskin.md,it-IT/Characters_Codex/06_Spellcasting/Spell_Descriptions/S/Stoneskin.md,non iniziato,
Character's Codex,en-US/Characters_Codex/06_Spellcasting/Spell_Descriptions/S/Storm_of_Vengeance.md,it-IT/Characters_Codex/06_Spellcasting/Spell_Descriptions/S/Storm_of_Vengeance.md,non iniziato,
Character's Codex,en-US/Characters_Codex/06_Spellcasting/Spell_Descriptions/S/Suggestion.md,it-IT/Characters_Codex/06_Spellcasting/Spell_Descriptions/S/Suggestion.md,non iniziato,
Character's Codex,en-US/Characters_Codex/06_Spellcasting/Spell_Descriptions/S/Sunbeam.md,it-IT/Characters_Codex/06_Spellcasting/Spell_Descriptions/S/Sunbeam.md,non iniziato,
Character's Codex,en-US/Characters_Codex/06_Spellcasting/Spell_Descriptions/S/Sunburst.md,it-IT/Characters_Codex/06_Spellcasting/Spell_Descriptions/S/Sunburst.md,non iniziato,
Character's Codex,en-US/Characters_Codex/06_Spellcasting/Spell_Descriptions/S/Symbol.md,it-IT/Characters_Codex/06_Spellcasting/Spell_Descriptions/S/Symbol.md,non iniziato,
Character's Codex,en-US/Characters_Codex/06_Spellcasting/Spell_Descriptions/S/_S.md,it-IT/Characters_Codex/06_Spellcasting/Spell_Descriptions/S/_S.md,non iniziato,
Character's Codex,en-US/Characters_Codex/06_Spellcasting/Spell_Descriptions/T/Telekinesis.md,it-IT/Characters_Codex/06_Spellcasting/Spell_Descriptions/T/Telekinesis.md,non iniziato,
Character's Codex,en-US/Characters_Codex/06_Spellcasting/Spell_Descriptions/T/Teleport.md,it-IT/Characters_Codex/06_Spellcasting/Spell_Descriptions/T/Teleport.md,non iniziato,
Character's Codex,en-US/Characters_Codex/06_Spellcasting/Spell_Descriptions/T/Teleportation_Circle.md,it-IT/Characters_Codex/06_Spellcasting/Spell_Descriptions/T/Teleportation_Circle.md,non iniziato,
Character's Codex,en-US/Characters_Codex/06_Spellcasting/Spell_Descriptions/T/Thaumaturgy.md,it-IT/Characters_Codex/06_Spellcasting/Spell_Descriptions/T/Thaumaturgy.md,non iniziato,
Character's Codex,en-US/Characters_Codex/06_Spellcasting/Spell_Descriptions/T/Thunderwave.md,it-IT/Characters_Codex/06_Spellcasting/Spell_Descriptions/T/Thunderwave.md,non iniziato,
Character's Codex,en-US/Characters_Codex/06_Spellcasting/Spell_Descriptions/T/Time_Stop.md,it-IT/Characters_Codex/06_Spellcasting/Spell_Descriptions/T/Time_Stop.md,non iniziato,
Character's Codex,en-US/Characters_Codex/06_Spellcasting/Spell_Descriptions/T/Tongues.md,it-IT/Characters_Codex/06_Spellcasting/Spell_Descriptions/T/Tongues.md,non iniziato,
Character's Codex,en-US/Characters_Codex/06_Spellcasting/Spell_Descriptions/T/Transport_via_Plants.md,it-IT/Characters_Codex/06_Spellcasting/Spell_Descriptions/T/Transport_via_Plants.md,non iniziato,
Character's Codex,en-US/Characters_Codex/06_Spellcasting/Spell_Descriptions/T/Tree_Stride.md,it-IT/Characters_Codex/06_Spellcasting/Spell_Descriptions/T/Tree_Stride.md,non iniziato,
Character's Codex,en-US/Characters_Codex/06_Spellcasting/Spell_Descriptions/T/True_Polymorph.md,it-IT/Characters_Codex/06_Spellcasting/Spell_Descriptions/T/True_Polymorph.md,non iniziato,
Character's Codex,en-US/Characters_Codex/06_Spellcasting/Spell_Descriptions/T/True_Resurrection.md,it-IT/Characters_Codex/06_Spellcasting/Spell_Descriptions/T/True_Resurrection.md,non iniziato,
Character's Codex,en-US/Characters_Codex/06_Spellcasting/Spell_Descriptions/T/True_Seeing.md,it-IT/Characters_Codex/06_Spellcasting/Spell_Descriptions/T/True_Seeing.md,non iniziato,
Character's Codex,en-US/Characters_Codex/06_Spellcasting/Spell_Descriptions/T/True_Strike.md,it-IT/Characters_Codex/06_Spellcasting/Spell_Descriptions/T/True_Strike.md,non iniziato,
Character's Codex,en-US/Characters_Codex/06_Spellcasting/Spell_Descriptions/T/_T.md,it-IT/Characters_Codex/06_Spellcasting/Spell_Descriptions/T/_T.md,non iniziato,
Character's Codex,en-US/Characters_Codex/06_Spellcasting/Spell_Descriptions/U/Unseen_Servant.md,it-IT/Characters_Codex/06_Spellcasting/Spell_Descriptions/U/Unseen_Servant.md,non iniziato,
Character's Codex,en-US/Characters_Codex/06_Spellcasting/Spell_Descriptions/U/_U.md,it-IT/Characters_Codex/06_Spellcasting/Spell_Descriptions/U/_U.md,non iniziato,
Character's Codex,en-US/Characters_Codex/06_Spellcasting/Spell_Descriptions/V/Vampiric_Touch.md,it-IT/Characters_Codex/06_Spellcasting/Spell_Descriptions/V/Vampiric_Touch.md,non iniziato,
Character's Codex,en-US/Characters_Codex/06_Spellcasting/Spell_Descriptions/V/Vicious_Mockery.md,it-IT/Characters_Codex/06_Spellcasting/Spell_Descriptions/V/Vicious_Mockery.md,non iniziato,
Character's Codex,en-US/Characters_Codex/06_Spellcasting/Spell_Descriptions/V/_V.md,it-IT/Characters_Codex/06_Spellcasting/Spell_Descriptions/V/_V.md,non iniziato,
Character's Codex,en-US/Characters_Codex/06_Spellcasting/Spell_Descriptions/W/Wall_of_Fire.md,it-IT/Characters_Codex/06_Spellcasting/Spell_Descriptions/W/Wall_of_Fire.md,non iniziato,
Character's Codex,en-US/Characters_Codex/06_Spellcasting/Spell_Descriptions/W/Wall_of_Force.md,it-IT/Characters_Codex/06_Spellcasting/Spell_Descriptions/W/Wall_of_Force.md,non iniziato,
Character's Codex,en-US/Characters_Codex/06_Spellcasting/Spell_Descriptions/W/Wall_of_Ice.md,it-IT/Characters_Codex/06_Spellcasting/Spell_Descriptions/W/Wall_of_Ice.md,non iniziato,
Character's Codex,en-US/Characters_Codex/06_Spellcasting/Spell_Descriptions/W/Wall_of_Stone.md,it-IT/Characters_Codex/06_Spellcasting/Spell_Descriptions/W/Wall_of_Stone.md,non iniziato,
Character's Codex,en-US/Characters_Codex/06_Spellcasting/Spell_Descriptions/W/Wall_of_Thorns.md,it-IT/Characters_Codex/06_Spellcasting/Spell_Descriptions/W/Wall_of_Thorns.md,non iniziato,
Character's Codex,en-US/Characters_Codex/06_Spellcasting/Spell_Descriptions/W/Warding_Bond.md,it-IT/Characters_Codex/06_Spellcasting/Spell_Descriptions/W/Warding_Bond.md,non iniziato,
Character's Codex,en-US/Characters_Codex/06_Spellcasting/Spell_Descriptions/W/Water_Breathing.md,it-IT/Characters_Codex/06_Spellcasting/Spell_Descriptions/W/Water_Breathing.md,non iniziato,
Character's Codex,en-US/Characters_Codex/06_Spellcasting/Spell_Descriptions/W/Water_Walk.md,it-IT/Characters_Codex/06_Spellcasting/Spell_Descriptions/W/Water_Walk.md,non iniziato,
Character's Codex,en-US/Characters_Codex/06_Spellcasting/Spell_Descriptions/W/Web.md,it-IT/Characters_Codex/06_Spellcasting/Spell_Descriptions/W/Web.md,non iniziato,
Character's Codex,en-US/Characters_Codex/06_Spellcasting/Spell_Descriptions/W/Weird.md,it-IT/Characters_Codex/06_Spellcasting/Spell_Descriptions/W/Weird.md,non iniziato,
Character's Codex,en-US/Characters_Codex/06_Spellcasting/Spell_Descriptions/W/Wind_Walk.md,it-IT/Characters_Codex/06_Spellcasting/Spell_Descriptions/W/Wind_Walk.md,non iniziato,
Character's Codex,en-US/Characters_Codex/06_Spellcasting/Spell_Descriptions/W/Wind_Wall.md,it-IT/Characters_Codex/06_Spellcasting/Spell_Descriptions/W/Wind_Wall.md,non iniziato,
Character's Codex,en-US/Characters_Codex/06_Spellcasting/Spell_Descriptions/W/Wish.md,it-IT/Characters_Codex/06_Spellcasting/Spell_Descriptions/W/Wish.md,non iniziato,
Character's Codex,en-US/Characters_Codex/06_Spellcasting/Spell_Descriptions/W/Word_of_Recall.md,it-IT/Characters_Codex/06_Spellcasting/Spell_Descriptions/W/Word_of_Recall.md,non iniziato,
Character's Codex,en-US/Characters_Codex/06_Spellcasting/Spell_Descriptions/W/_W.md,it-IT/Characters_Codex/06_Spellcasting/Spell_Descriptions/W/_W.md,non iniziato,
Character's Codex,en-US/Characters_Codex/06_Spellcasting/Spell_Descriptions/Z/Zone_of_Truth.md,it-IT/Characters_Codex/06_Spellcasting/Spell_Descriptions/Z/Zone_of_Truth.md,non iniziato,
Character's Codex,en-US/Characters_Codex/06_Spellcasting/Spell_Descriptions/Z/_Z.md,it-IT/Characters_Codex/06_Spellcasting/Spell_Descriptions/Z/_Z.md,non iniziato,
Character's Codex,en-US/Characters_Codex/06_Spellcasting/Spell_Descriptions.md,it-IT/Characters_Codex/06_Spellcasting/Spell_Descriptions.md,non iniziato,
Character's Codex,en-US/Characters_Codex/06_Spellcasting/Spell_Lists/Bard_Spells.md,it-IT/Characters_Codex/06_Spellcasting/Spell_Lists/Bard_Spells.md,non iniziato,
Character's Codex,en-US/Characters_Codex/06_Spellcasting/Spell_Lists/Cleric_Spells.md,it-IT/Characters_Codex/06_Spellcasting/Spell_Lists/Cleric_Spells.md,non iniziato,
Character's Codex,en-US/Characters_Codex/06_Spellcasting/Spell_Lists/Ranger_Spells.md,it-IT/Characters_Codex/06_Spellcasting/Spell_Lists/Ranger_Spells.md,non iniziato,
Character's Codex,en-US/Characters_Codex/06_Spellcasting/Spell_Lists/Sorcerer_Spells.md,it-IT/Characters_Codex/06_Spellcasting/Spell_Lists/Sorcerer_Spells.md,non iniziato,
Character's Codex,en-US/Characters_Codex/06_Spellcasting/Spell_Lists/Vanguard_Spells.md,it-IT/Characters_Codex/06_Spellcasting/Spell_Lists/Vanguard_Spells.md,non iniziato,
Character's Codex,en-US/Characters_Codex/06_Spellcasting/Spell_Lists/Warlock_Spells.md,it-IT/Characters_Codex/06_Spellcasting/Spell_Lists/Warlock_Spells.md,non iniziato,
Character's Codex,en-US/Characters_Codex/06_Spellcasting/Spell_Lists/Wizard_Spells.md,it-IT/Characters_Codex/06_Spellcasting/Spell_Lists/Wizard_Spells.md,non iniziato,
Character's Codex,en-US/Characters_Codex/06_Spellcasting/Spell_Lists/Wodewose_Spells.md,it-IT/Characters_Codex/06_Spellcasting/Spell_Lists/Wodewose_Spells.md,non iniziato,
Character's Codex,en-US/Characters_Codex/06_Spellcasting/Spellcasting.md,it-IT/Characters_Codex/06_Spellcasting/Spellcasting.md,non iniziato,
Character's Codex,en-US/Characters_Codex/A_Appendix/01_Conditions/Conditions.md,it-IT/Characters_Codex/A_Appendix/01_Conditions/Conditions.md,non iniziato,
Character's Codex,en-US/Characters_Codex/A_Appendix/02_Cross-System_Character_Conversion/Conversions/Conversion_A5E.md,it-IT/Characters_Codex/A_Appendix/02_Cross-System_Character_Conversion/Conversions/Conversion_A5E.md,non iniziato,
Character's Codex,en-US/Characters_Codex/A_Appendix/02_Cross-System_Character_Conversion/Conversions/Conversion_DnD_2024.md,it-IT/Characters_Codex/A_Appendix/02_Cross-System_Character_Conversion/Conversions/Conversion_DnD_2024.md,non iniziato,
Character's Codex,en-US/Characters_Codex/A_Appendix/02_Cross-System_Character_Conversion/Conversions/Conversion_ToV.md,it-IT/Characters_Codex/A_Appendix/02_Cross-System_Character_Conversion/Conversions/Conversion_ToV.md,non iniziato,
Character's Codex,en-US/Characters_Codex/A_Appendix/02_Cross-System_Character_Conversion/Cross-System_Character_Conversion.md,it-IT/Characters_Codex/A_Appendix/02_Cross-System_Character_Conversion/Cross-System_Character_Conversion.md,non iniziato,
Character's Codex,en-US/Characters_Codex/A_Appendix/Appendix.md,it-IT/Characters_Codex/A_Appendix/Appendix.md,non iniziato,
Character's Codex,en-US/Characters_Codex/Blurb.md,it-IT/Characters_Codex/Blurb.md,non iniziato,
Character's Codex,en-US/Characters_Codex/Characters_Codex.md,it-IT/Characters_Codex/Characters_Codex.md,non iniziato,
Character's Codex,en-US/Characters_Codex/Credits/Artists.md,it-IT/Characters_Codex/Credits/Artists.md,non iniziato,
Character's Codex,en-US/Characters_Codex/Credits/Credits.md,it-IT/Characters_Codex/Credits/Credits.md,non iniziato,
Character's Codex,en-US/Characters_Codex/Credits/Primary_Sources.md,it-IT/Characters_Codex/Credits/Primary_Sources.md,non iniziato,
Character's Codex,en-US/Characters_Codex/Legal.md,it-IT/Characters_Codex/Legal.md,non iniziato,
Conductor's Companion,en-US/Conductors_Companion/01_Introduction/How_to_Use_This_Book.md,it-IT/Conductors_Companion/01_Introduction/How_to_Use_This_Book.md,non iniziato,
Conductor's Companion,en-US/Conductors_Companion/01_Introduction/Introduction.md,it-IT/Conductors_Companion/01_Introduction/Introduction.md,non iniziato,
Conductor's Companion,en-US/Conductors_Companion/02_Starting_a_Campaign/Bulding_a_TTRPG_Group/Building_a_TTRPG_Group.md,it-IT/Conductors_Companion/02_Starting_a_Campaign/Bulding_a_TTRPG_Group/Building_a_TTRPG_Group.md,non iniziato,
Conductor's Companion,en-US/Conductors_Companion/02_Starting_a_Campaign/Bulding_a_TTRPG_Group/Choose_a_Regular_Schedule.md,it-IT/Conductors_Companion/02_Starting_a_Campaign/Bulding_a_TTRPG_Group/Choose_a_Regular_Schedule.md,non iniziato,
Conductor's Companion,en-US/Conductors_Companion/02_Starting_a_Campaign/Bulding_a_TTRPG_Group/Decide_Your_Play_Style.md,it-IT/Conductors_Companion/02_Starting_a_Campaign/Bulding_a_TTRPG_Group/Decide_Your_Play_Style.md,non iniziato,
Conductor's Companion,en-US/Conductors_Companion/02_Starting_a_Campaign/Bulding_a_TTRPG_Group/Finding_Players.md,it-IT/Conductors_Companion/02_Starting_a_Campaign/Bulding_a_TTRPG_Group/Finding_Players.md,non iniziato,
Conductor's Companion,en-US/Conductors_Companion/02_Starting_a_Campaign/Bulding_a_TTRPG_Group/Finding_and_Maintaining_a_Solid_Group.md,it-IT/Conductors_Companion/02_Starting_a_Campaign/Bulding_a_TTRPG_Group/Finding_and_Maintaining_a_Solid_Group.md,non iniziato,
Conductor's Companion,en-US/Conductors_Companion/02_Starting_a_Campaign/Bulding_a_TTRPG_Group/Selecting_Players.md,it-IT/Conductors_Companion/02_Starting_a_Campaign/Bulding_a_TTRPG_Group/Selecting_Players.md,non iniziato,
Conductor's Companion,en-US/Conductors_Companion/02_Starting_a_Campaign/Bulding_a_TTRPG_Group/The_Game_Must_Go_On.md,it-IT/Conductors_Companion/02_Starting_a_Campaign/Bulding_a_TTRPG_Group/The_Game_Must_Go_On.md,non iniziato,
Conductor's Companion,en-US/Conductors_Companion/02_Starting_a_Campaign/RPG_Preparation_Process/Buidling_Your_Campaign/Background_Factions.md,it-IT/Conductors_Companion/02_Starting_a_Campaign/RPG_Preparation_Process/Buidling_Your_Campaign/Background_Factions.md,non iniziato,
Conductor's Companion,en-US/Conductors_Companion/02_Starting_a_Campaign/RPG_Preparation_Process/Buidling_Your_Campaign/Background_Geography_and_Landmarks.md,it-IT/Conductors_Companion/02_Starting_a_Campaign/RPG_Preparation_Process/Buidling_Your_Campaign/Background_Geography_and_Landmarks.md,non iniziato,
Conductor's Companion,en-US/Conductors_Companion/02_Starting_a_Campaign/RPG_Preparation_Process/Buidling_Your_Campaign/Background_Gods_and_Religion.md,it-IT/Conductors_Companion/02_Starting_a_Campaign/RPG_Preparation_Process/Buidling_Your_Campaign/Background_Gods_and_Religion.md,non iniziato,
Conductor's Companion,en-US/Conductors_Companion/02_Starting_a_Campaign/RPG_Preparation_Process/Buidling_Your_Campaign/Background_World.md,it-IT/Conductors_Companion/02_Starting_a_Campaign/RPG_Preparation_Process/Buidling_Your_Campaign/Background_World.md,non iniziato,
Conductor's Companion,en-US/Conductors_Companion/02_Starting_a_Campaign/RPG_Preparation_Process/Buidling_Your_Campaign/Building_Your_Campaign.md,it-IT/Conductors_Companion/02_Starting_a_Campaign/RPG_Preparation_Process/Buidling_Your_Campaign/Building_Your_Campaign.md,non iniziato,
Conductor's Companion,en-US/Conductors_Companion/02_Starting_a_Campaign/RPG_Preparation_Process/Buidling_Your_Campaign/Spiral_Campaign_Development.md,it-IT/Conductors_Companion/02_Starting_a_Campaign/RPG_Preparation_Process/Buidling_Your_Campaign/Spiral_Campaign_Development.md,non iniziato,
Conductor's Companion,en-US/Conductors_Companion/02_Starting_a_Campaign/RPG_Preparation_Process/Buidling_Your_Campaign/Spiral_Campaign_Fronts.md,it-IT/Conductors_Companion/02_Starting_a_Campaign/RPG_Preparation_Process/Buidling_Your_Campaign/Spiral_Campaign_Fronts.md,non iniziato,
Conductor's Companion,en-US/Conductors_Companion/02_Starting_a_Campaign/RPG_Preparation_Process/Buidling_Your_Campaign/Spiral_Campaign_Pitch.md,it-IT/Conductors_Companion/02_Starting_a_Campaign/RPG_Preparation_Process/Buidling_Your_Campaign/Spiral_Campaign_Pitch.md,non iniziato,
Conductor's Companion,en-US/Conductors_Companion/02_Starting_a_Campaign/RPG_Preparation_Process/Buidling_Your_Campaign/Spiral_Local_Adventure_Locations.md,it-IT/Conductors_Companion/02_Starting_a_Campaign/RPG_Preparation_Process/Buidling_Your_Campaign/Spiral_Local_Adventure_Locations.md,non iniziato,
Conductor's Companion,en-US/Conductors_Companion/02_Starting_a_Campaign/RPG_Preparation_Process/Buidling_Your_Campaign/Spiral_Six_Truths.md,it-IT/Conductors_Companion/02_Starting_a_Campaign/RPG_Preparation_Process/Buidling_Your_Campaign/Spiral_Six_Truths.md,non iniziato,
Conductor's Companion,en-US/Conductors_Companion/02_Starting_a_Campaign/RPG_Preparation_Process/Buidling_Your_Campaign/Spiral_Starting_Location.md,it-IT/Conductors_Companion/02_Starting_a_Campaign/RPG_Preparation_Process/Buidling_Your_Campaign/Spiral_Starting_Location.md,non iniziato,
Conductor's Companion,en-US/Conductors_Companion/02_Starting_a_Campaign/RPG_Preparation_Process/RPG_Prep_Toolkit.md,it-IT/Conductors_Companion/02_Starting_a_Campaign/RPG_Preparation_Process/RPG_Prep_Toolkit.md,non iniziato,
Conductor's Companion,en-US/Conductors_Companion/02_Starting_a_Campaign/RPG_Preparation_Process/RPG_Preparation_Process.md,it-IT/Conductors_Companion/02_Starting_a_Campaign/RPG_Preparation_Process/RPG_Preparation_Process.md,non iniziato,
Conductor's Companion,en-US/Conductors_Companion/02_Starting_a_Campaign/RPG_Preparation_Process/Session_Zero/Adapting_Ancestries.md,it-IT/Conductors_Companion/02_Starting_a_Campaign/RPG_Preparation_Process/Session_Zero/Adapting_Ancestries.md,non iniziato,
Conductor's Companion,en-US/Conductors_Companion/02_Starting_a_Campaign/RPG_Preparation_Process/Session_Zero/Characters.md,it-IT/Conductors_Companion/02_Starting_a_Campaign/RPG_Preparation_Process/Session_Zero/Characters.md,non iniziato,
Conductor's Companion,en-US/Conductors_Companion/02_Starting_a_Campaign/RPG_Preparation_Process/Session_Zero/Characters_Connecting.md,it-IT/Conductors_Companion/02_Starting_a_Campaign/RPG_Preparation_Process/Session_Zero/Characters_Connecting.md,non iniziato,
Conductor's Companion,en-US/Conductors_Companion/02_Starting_a_Campaign/RPG_Preparation_Process/Session_Zero/Group_Patron.md,it-IT/Conductors_Companion/02_Starting_a_Campaign/RPG_Preparation_Process/Session_Zero/Group_Patron.md,non iniziato,
Conductor's Companion,en-US/Conductors_Companion/02_Starting_a_Campaign/RPG_Preparation_Process/Session_Zero/One_Page_Guide.md,it-IT/Conductors_Companion/02_Starting_a_Campaign/RPG_Preparation_Process/Session_Zero/One_Page_Guide.md,non iniziato,
Conductor's Companion,en-US/Conductors_Companion/02_Starting_a_Campaign/RPG_Preparation_Process/Session_Zero/Safety_Tools.md,it-IT/Conductors_Companion/02_Starting_a_Campaign/RPG_Preparation_Process/Session_Zero/Safety_Tools.md,non iniziato,
Conductor's Companion,en-US/Conductors_Companion/02_Starting_a_Campaign/RPG_Preparation_Process/Session_Zero/Safety_Tools_Definition.md,it-IT/Conductors_Companion/02_Starting_a_Campaign/RPG_Preparation_Process/Session_Zero/Safety_Tools_Definition.md,non iniziato,
Conductor's Companion,en-US/Conductors_Companion/02_Starting_a_Campaign/RPG_Preparation_Process/Session_Zero/Safety_Tools_Hard_Lines_and_Off_Screen_Content.md,it-IT/Conductors_Companion/02_Starting_a_Campaign/RPG_Preparation_Process/Session_Zero/Safety_Tools_Hard_Lines_and_Off_Screen_Content.md,non iniziato,
Conductor's Companion,en-US/Conductors_Companion/02_Starting_a_Campaign/RPG_Preparation_Process/Session_Zero/Safety_Tools_Other_Resources.md,it-IT/Conductors_Companion/02_Starting_a_Campaign/RPG_Preparation_Process/Session_Zero/Safety_Tools_Other_Resources.md,non iniziato,
Conductor's Companion,en-US/Conductors_Companion/02_Starting_a_Campaign/RPG_Preparation_Process/Session_Zero/Safety_Tools_Pause_for_a_Second.md,it-IT/Conductors_Companion/02_Starting_a_Campaign/RPG_Preparation_Process/Session_Zero/Safety_Tools_Pause_for_a_Second.md,non iniziato,
Conductor's Companion,en-US/Conductors_Companion/02_Starting_a_Campaign/RPG_Preparation_Process/Session_Zero/Safety_Tools_Sensitive_Topics.md,it-IT/Conductors_Companion/02_Starting_a_Campaign/RPG_Preparation_Process/Session_Zero/Safety_Tools_Sensitive_Topics.md,non iniziato,
Conductor's Companion,en-US/Conductors_Companion/02_Starting_a_Campaign/RPG_Preparation_Process/Session_Zero/Session_Zero_Checklist.md,it-IT/Conductors_Companion/02_Starting_a_Campaign/RPG_Preparation_Process/Session_Zero/Session_Zero_Checklist.md,non iniziato,
Conductor's Companion,en-US/Conductors_Companion/02_Starting_a_Campaign/RPG_Preparation_Process/Session_Zero/Short_Adventure.md,it-IT/Conductors_Companion/02_Starting_a_Campaign/RPG_Preparation_Process/Session_Zero/Short_Adventure.md,non iniziato,
Conductor's Companion,en-US/Conductors_Companion/02_Starting_a_Campaign/RPG_Preparation_Process/Session_Zero/Theme.md,it-IT/Conductors_Companion/02_Starting_a_Campaign/RPG_Preparation_Process/Session_Zero/Theme.md,non iniziato,
Conductor's Companion,en-US/Conductors_Companion/02_Starting_a_Campaign/Starting_a_Campaign.md,it-IT/Conductors_Companion/02_Starting_a_Campaign/Starting_a_Campaign.md,non iniziato,
Conductor's Companion,en-US/Conductors_Companion/03_Preparing_Quests_and_Adventures/Adventure_Hook_Generator/Adventure_Hook_Generator.md,it-IT/Conductors_Companion/03_Preparing_Quests_and_Adventures/Adventure_Hook_Generator/Adventure_Hook_Generator.md,non iniziato,
Conductor's Companion,en-US/Conductors_Companion/03_Preparing_Quests_and_Adventures/Combat_Encounter_Building/Advantageous_Positions.md,it-IT/Conductors_Companion/03_Preparing_Quests_and_Adventures/Combat_Encounter_Building/Advantageous_Positions.md,non iniziato,
Conductor's Companion,en-US/Conductors_Companion/03_Preparing_Quests_and_Adventures/Combat_Encounter_Building/Average_Character_Hit_Points.md,it-IT/Conductors_Companion/03_Preparing_Quests_and_Adventures/Combat_Encounter_Building/Average_Character_Hit_Points.md,non iniziato,
Conductor's Companion,en-US/Conductors_Companion/03_Preparing_Quests_and_Adventures/Combat_Encounter_Building/Character_Capabilities_Vary.md,it-IT/Conductors_Companion/03_Preparing_Quests_and_Adventures/Combat_Encounter_Building/Character_Capabilities_Vary.md,non iniziato,
Conductor's Companion,en-US/Conductors_Companion/03_Preparing_Quests_and_Adventures/Combat_Encounter_Building/Combat_Encounter_Building.md,it-IT/Conductors_Companion/03_Preparing_Quests_and_Adventures/Combat_Encounter_Building/Combat_Encounter_Building.md,non iniziato,
Conductor's Companion,en-US/Conductors_Companion/03_Preparing_Quests_and_Adventures/Combat_Encounter_Building/Cover.md,it-IT/Conductors_Companion/03_Preparing_Quests_and_Adventures/Combat_Encounter_Building/Cover.md,non iniziato,
Conductor's Companion,en-US/Conductors_Companion/03_Preparing_Quests_and_Adventures/Combat_Encounter_Building/Difficult_or_Fantastic_Terrain.md,it-IT/Conductors_Companion/03_Preparing_Quests_and_Adventures/Combat_Encounter_Building/Difficult_or_Fantastic_Terrain.md,non iniziato,
Conductor's Companion,en-US/Conductors_Companion/03_Preparing_Quests_and_Adventures/Combat_Encounter_Building/Encounter_Elements.md,it-IT/Conductors_Companion/03_Preparing_Quests_and_Adventures/Combat_Encounter_Building/Encounter_Elements.md,non iniziato,
Conductor's Companion,en-US/Conductors_Companion/03_Preparing_Quests_and_Adventures/Combat_Encounter_Building/Failure_in_a_Combat_Encounter.md,it-IT/Conductors_Companion/03_Preparing_Quests_and_Adventures/Combat_Encounter_Building/Failure_in_a_Combat_Encounter.md,non iniziato,
Conductor's Companion,en-US/Conductors_Companion/03_Preparing_Quests_and_Adventures/Combat_Encounter_Building/Interactive_Objects.md,it-IT/Conductors_Companion/03_Preparing_Quests_and_Adventures/Combat_Encounter_Building/Interactive_Objects.md,non iniziato,
Conductor's Companion,en-US/Conductors_Companion/03_Preparing_Quests_and_Adventures/Combat_Encounter_Building/Potential_Deadliness.md,it-IT/Conductors_Companion/03_Preparing_Quests_and_Adventures/Combat_Encounter_Building/Potential_Deadliness.md,non iniziato,
Conductor's Companion,en-US/Conductors_Companion/03_Preparing_Quests_and_Adventures/Combat_Encounter_Building/QEB_Deadly_Encounters.md,it-IT/Conductors_Companion/03_Preparing_Quests_and_Adventures/Combat_Encounter_Building/QEB_Deadly_Encounters.md,non iniziato,
Conductor's Companion,en-US/Conductors_Companion/03_Preparing_Quests_and_Adventures/Combat_Encounter_Building/QEB_Monster_Difficulty_Dials.md,it-IT/Conductors_Companion/03_Preparing_Quests_and_Adventures/Combat_Encounter_Building/QEB_Monster_Difficulty_Dials.md,non iniziato,
Conductor's Companion,en-US/Conductors_Companion/03_Preparing_Quests_and_Adventures/Combat_Encounter_Building/Quick_Encounter_Building.md,it-IT/Conductors_Companion/03_Preparing_Quests_and_Adventures/Combat_Encounter_Building/Quick_Encounter_Building.md,non iniziato,
Conductor's Companion,en-US/Conductors_Companion/03_Preparing_Quests_and_Adventures/Combat_Encounter_Building/Running_Hordes.md,it-IT/Conductors_Companion/03_Preparing_Quests_and_Adventures/Combat_Encounter_Building/Running_Hordes.md,non iniziato,
Conductor's Companion,en-US/Conductors_Companion/03_Preparing_Quests_and_Adventures/Combat_Encounter_Building/Scaling_Bosses_and_Minions.md,it-IT/Conductors_Companion/03_Preparing_Quests_and_Adventures/Combat_Encounter_Building/Scaling_Bosses_and_Minions.md,non iniziato,
Conductor's Companion,en-US/Conductors_Companion/03_Preparing_Quests_and_Adventures/Combat_Encounter_Building/Scaling_Monster_Combinations.md,it-IT/Conductors_Companion/03_Preparing_Quests_and_Adventures/Combat_Encounter_Building/Scaling_Monster_Combinations.md,non iniziato,
Conductor's Companion,en-US/Conductors_Companion/03_Preparing_Quests_and_Adventures/Combat_Encounter_Building/Scaling_Monster_Combinations_4_Characters.md,it-IT/Conductors_Companion/03_Preparing_Quests_and_Adventures/Combat_Encounter_Building/Scaling_Monster_Combinations_4_Characters.md,non iniziato,
Conductor's Companion,en-US/Conductors_Companion/03_Preparing_Quests_and_Adventures/Combat_Encounter_Building/Scaling_Monster_Combinations_5_Characters.md,it-IT/Conductors_Companion/03_Preparing_Quests_and_Adventures/Combat_Encounter_Building/Scaling_Monster_Combinations_5_Characters.md,non iniziato,
Conductor's Companion,en-US/Conductors_Companion/03_Preparing_Quests_and_Adventures/Combat_Encounter_Building/Scaling_Monster_Combinations_6_Characters.md,it-IT/Conductors_Companion/03_Preparing_Quests_and_Adventures/Combat_Encounter_Building/Scaling_Monster_Combinations_6_Characters.md,non iniziato,
Conductor's Companion,en-US/Conductors_Companion/03_Preparing_Quests_and_Adventures/Combat_Encounter_Building/Scaling_for_Higher_Levels.md,it-IT/Conductors_Companion/03_Preparing_Quests_and_Adventures/Combat_Encounter_Building/Scaling_for_Higher_Levels.md,non iniziato,
Conductor's Companion,en-US/Conductors_Companion/03_Preparing_Quests_and_Adventures/Combat_Encounter_Building/Start_with_the_Story.md,it-IT/Conductors_Companion/03_Preparing_Quests_and_Adventures/Combat_Encounter_Building/Start_with_the_Story.md,non iniziato,
Conductor's Companion,en-US/Conductors_Companion/03_Preparing_Quests_and_Adventures/Combat_Encounter_Building/Zone-Based_Combat.md,it-IT/Conductors_Companion/03_Preparing_Quests_and_Adventures/Combat_Encounter_Building/Zone-Based_Combat.md,non iniziato,
Conductor's Companion,en-US/Conductors_Companion/03_Preparing_Quests_and_Adventures/Conductor_Prep_in_Eight_Steps/1_Review_Characters.md,it-IT/Conductors_Companion/03_Preparing_Quests_and_Adventures/Conductor_Prep_in_Eight_Steps/1_Review_Characters.md,non iniziato,
Conductor's Companion,en-US/Conductors_Companion/03_Preparing_Quests_and_Adventures/Conductor_Prep_in_Eight_Steps/2_Create_Strong_Start.md,it-IT/Conductors_Companion/03_Preparing_Quests_and_Adventures/Conductor_Prep_in_Eight_Steps/2_Create_Strong_Start.md,non iniziato,
Conductor's Companion,en-US/Conductors_Companion/03_Preparing_Quests_and_Adventures/Conductor_Prep_in_Eight_Steps/3_Outline_Scenes.md,it-IT/Conductors_Companion/03_Preparing_Quests_and_Adventures/Conductor_Prep_in_Eight_Steps/3_Outline_Scenes.md,non iniziato,
Conductor's Companion,en-US/Conductors_Companion/03_Preparing_Quests_and_Adventures/Conductor_Prep_in_Eight_Steps/4_Define_Secrets_and_Clues.md,it-IT/Conductors_Companion/03_Preparing_Quests_and_Adventures/Conductor_Prep_in_Eight_Steps/4_Define_Secrets_and_Clues.md,non iniziato,
Conductor's Companion,en-US/Conductors_Companion/03_Preparing_Quests_and_Adventures/Conductor_Prep_in_Eight_Steps/5_Fantastic_Locations.md,it-IT/Conductors_Companion/03_Preparing_Quests_and_Adventures/Conductor_Prep_in_Eight_Steps/5_Fantastic_Locations.md,non iniziato,
Conductor's Companion,en-US/Conductors_Companion/03_Preparing_Quests_and_Adventures/Conductor_Prep_in_Eight_Steps/6_Outline_Important_NPCs.md,it-IT/Conductors_Companion/03_Preparing_Quests_and_Adventures/Conductor_Prep_in_Eight_Steps/6_Outline_Important_NPCs.md,non iniziato,
Conductor's Companion,en-US/Conductors_Companion/03_Preparing_Quests_and_Adventures/Conductor_Prep_in_Eight_Steps/7_Choose_Monsters.md,it-IT/Conductors_Companion/03_Preparing_Quests_and_Adventures/Conductor_Prep_in_Eight_Steps/7_Choose_Monsters.md,non iniziato,
Conductor's Companion,en-US/Conductors_Companion/03_Preparing_Quests_and_Adventures/Conductor_Prep_in_Eight_Steps/8.1_Character_Advancement.md,it-IT/Conductors_Companion/03_Preparing_Quests_and_Adventures/Conductor_Prep_in_Eight_Steps/8.1_Character_Advancement.md,non iniziato,
Conductor's Companion,en-US/Conductors_Companion/03_Preparing_Quests_and_Adventures/Conductor_Prep_in_Eight_Steps/8.2_Treasure.md,it-IT/Conductors_Companion/03_Preparing_Quests_and_Adventures/Conductor_Prep_in_Eight_Steps/8.2_Treasure.md,non iniziato,
Conductor's Companion,en-US/Conductors_Companion/03_Preparing_Quests_and_Adventures/Conductor_Prep_in_Eight_Steps/8_Select_Rewards.md,it-IT/Conductors_Companion/03_Preparing_Quests_and_Adventures/Conductor_Prep_in_Eight_Steps/8_Select_Rewards.md,non iniziato,
Conductor's Companion,en-US/Conductors_Companion/03_Preparing_Quests_and_Adventures/Conductor_Prep_in_Eight_Steps/Conductor_Prep_in_Eight_Steps.md,it-IT/Conductors_Companion/03_Preparing_Quests_and_Adventures/Conductor_Prep_in_Eight_Steps/Conductor_Prep_in_Eight_Steps.md,non iniziato,
Conductor's Companion,en-US/Conductors_Companion/03_Preparing_Quests_and_Adventures/Conductor_Prep_in_Eight_Steps/Patrons_and_NPCs.md,it-IT/Conductors_Companion/03_Preparing_Quests_and_Adventures/Conductor_Prep_in_Eight_Steps/Patrons_and_NPCs.md,non iniziato,
Conductor's Companion,en-US/Conductors_Companion/03_Preparing_Quests_and_Adventures/Magic_Items/Artifacts.md,it-IT/Conductors_Companion/03_Preparing_Quests_and_Adventures/Magic_Items/Artifacts.md,non iniziato,
Conductor's Companion,en-US/Conductors_Companion/03_Preparing_Quests_and_Adventures/Magic_Items/Preparing_Magic_Items.md,it-IT/Conductors_Companion/03_Preparing_Quests_and_Adventures/Magic_Items/Preparing_Magic_Items.md,non iniziato,
Conductor's Companion,en-US/Conductors_Companion/03_Preparing_Quests_and_Adventures/Magic_Items/Sentient_Magic_Items/SMI_Conflict.md,it-IT/Conductors_Companion/03_Preparing_Quests_and_Adventures/Magic_Items/Sentient_Magic_Items/SMI_Conflict.md,non iniziato,
Conductor's Companion,en-US/Conductors_Companion/03_Preparing_Quests_and_Adventures/Magic_Items/Sentient_Magic_Items/SMI_Creation.md,it-IT/Conductors_Companion/03_Preparing_Quests_and_Adventures/Magic_Items/Sentient_Magic_Items/SMI_Creation.md,non iniziato,
Conductor's Companion,en-US/Conductors_Companion/03_Preparing_Quests_and_Adventures/Magic_Items/Sentient_Magic_Items/Sentient_Magic_Items.md,it-IT/Conductors_Companion/03_Preparing_Quests_and_Adventures/Magic_Items/Sentient_Magic_Items/Sentient_Magic_Items.md,non iniziato,
Conductor's Companion,en-US/Conductors_Companion/03_Preparing_Quests_and_Adventures/Preparing_Quests_and_Adventures.md,it-IT/Conductors_Companion/03_Preparing_Quests_and_Adventures/Preparing_Quests_and_Adventures.md,non iniziato,
Conductor's Companion,en-US/Conductors_Companion/04_Running_Game_Sessions/Combat_Encounters/Combat_Encounters.md,it-IT/Conductors_Companion/04_Running_Game_Sessions/Combat_Encounters/Combat_Encounters.md,non iniziato,
Conductor's Companion,en-US/Conductors_Companion/04_Running_Game_Sessions/Combat_Encounters/Dealing_Damage/Dealing_Damage.md,it-IT/Conductors_Companion/04_Running_Game_Sessions/Combat_Encounters/Dealing_Damage/Dealing_Damage.md,non iniziato,
Conductor's Companion,en-US/Conductors_Companion/04_Running_Game_Sessions/Combat_Encounters/Quick_Tricks/Average_Handfuls_of_Dice.md,it-IT/Conductors_Companion/04_Running_Game_Sessions/Combat_Encounters/Quick_Tricks/Average_Handfuls_of_Dice.md,non iniziato,
Conductor's Companion,en-US/Conductors_Companion/04_Running_Game_Sessions/Combat_Encounters/Quick_Tricks/Cinematic_Advantage.md,it-IT/Conductors_Companion/04_Running_Game_Sessions/Combat_Encounters/Quick_Tricks/Cinematic_Advantage.md,non iniziato,
Conductor's Companion,en-US/Conductors_Companion/04_Running_Game_Sessions/Combat_Encounters/Quick_Tricks/Index_Cards.md,it-IT/Conductors_Companion/04_Running_Game_Sessions/Combat_Encounters/Quick_Tricks/Index_Cards.md,non iniziato,
Conductor's Companion,en-US/Conductors_Companion/04_Running_Game_Sessions/Combat_Encounters/Quick_Tricks/Passive_Monster_Initiative.md,it-IT/Conductors_Companion/04_Running_Game_Sessions/Combat_Encounters/Quick_Tricks/Passive_Monster_Initiative.md,non iniziato,
Conductor's Companion,en-US/Conductors_Companion/04_Running_Game_Sessions/Combat_Encounters/Quick_Tricks/Quick_Tricks.md,it-IT/Conductors_Companion/04_Running_Game_Sessions/Combat_Encounters/Quick_Tricks/Quick_Tricks.md,non iniziato,
Conductor's Companion,en-US/Conductors_Companion/04_Running_Game_Sessions/Combat_Encounters/Theater_of_the_Mind/Areas_of_Effect.md,it-IT/Conductors_Companion/04_Running_Game_Sessions/Combat_Encounters/Theater_of_the_Mind/Areas_of_Effect.md,non iniziato,
Conductor's Companion,en-US/Conductors_Companion/04_Running_Game_Sessions/Combat_Encounters/Theater_of_the_Mind/Descriptions.md,it-IT/Conductors_Companion/04_Running_Game_Sessions/Combat_Encounters/Theater_of_the_Mind/Descriptions.md,non iniziato,
Conductor's Companion,en-US/Conductors_Companion/04_Running_Game_Sessions/Combat_Encounters/Theater_of_the_Mind/Guidelines_Conductor.md,it-IT/Conductors_Companion/04_Running_Game_Sessions/Combat_Encounters/Theater_of_the_Mind/Guidelines_Conductor.md,non iniziato,
Conductor's Companion,en-US/Conductors_Companion/04_Running_Game_Sessions/Combat_Encounters/Theater_of_the_Mind/Guidelines_Players.md,it-IT/Conductors_Companion/04_Running_Game_Sessions/Combat_Encounters/Theater_of_the_Mind/Guidelines_Players.md,non iniziato,
Conductor's Companion,en-US/Conductors_Companion/04_Running_Game_Sessions/Combat_Encounters/Theater_of_the_Mind/Locations_Features_Environment_Terrain.md,it-IT/Conductors_Companion/04_Running_Game_Sessions/Combat_Encounters/Theater_of_the_Mind/Locations_Features_Environment_Terrain.md,non iniziato,
Conductor's Companion,en-US/Conductors_Companion/04_Running_Game_Sessions/Combat_Encounters/Theater_of_the_Mind/Movement_Distance_Range.md,it-IT/Conductors_Companion/04_Running_Game_Sessions/Combat_Encounters/Theater_of_the_Mind/Movement_Distance_Range.md,non iniziato,
Conductor's Companion,en-US/Conductors_Companion/04_Running_Game_Sessions/Combat_Encounters/Theater_of_the_Mind/Physical_Traits.md,it-IT/Conductors_Companion/04_Running_Game_Sessions/Combat_Encounters/Theater_of_the_Mind/Physical_Traits.md,non iniziato,
Conductor's Companion,en-US/Conductors_Companion/04_Running_Game_Sessions/Combat_Encounters/Theater_of_the_Mind/Positioning_Opportunity_Attacks_Cover.md,it-IT/Conductors_Companion/04_Running_Game_Sessions/Combat_Encounters/Theater_of_the_Mind/Positioning_Opportunity_Attacks_Cover.md,non iniziato,
Conductor's Companion,en-US/Conductors_Companion/04_Running_Game_Sessions/Combat_Encounters/Theater_of_the_Mind/Ramdomly_Selected_Targets.md,it-IT/Conductors_Companion/04_Running_Game_Sessions/Combat_Encounters/Theater_of_the_Mind/Ramdomly_Selected_Targets.md,non iniziato,
Conductor's Companion,en-US/Conductors_Companion/04_Running_Game_Sessions/Combat_Encounters/Theater_of_the_Mind/Summary.md,it-IT/Conductors_Companion/04_Running_Game_Sessions/Combat_Encounters/Theater_of_the_Mind/Summary.md,non iniziato,
Conductor's Companion,en-US/Conductors_Companion/04_Running_Game_Sessions/Combat_Encounters/Theater_of_the_Mind/Theater_of_the_Mind.md,it-IT/Conductors_Companion/04_Running_Game_Sessions/Combat_Encounters/Theater_of_the_Mind/Theater_of_the_Mind.md,non iniziato,
Conductor's Companion,en-US/Conductors_Companion/04_Running_Game_Sessions/Exploration/Dungeon_Crawling/Designing_a_Dungeon.md,it-IT/Conductors_Companion/04_Running_Game_Sessions/Exploration/Dungeon_Crawling/Designing_a_Dungeon.md,non iniziato,
Conductor's Companion,en-US/Conductors_Companion/04_Running_Game_Sessions/Exploration/Dungeon_Crawling/Dungeon_Crawling.md,it-IT/Conductors_Companion/04_Running_Game_Sessions/Exploration/Dungeon_Crawling/Dungeon_Crawling.md,non iniziato,
Conductor's Companion,en-US/Conductors_Companion/04_Running_Game_Sessions/Exploration/Dungeon_Crawling/Exploration_Encounter_Descriptions.md,it-IT/Conductors_Companion/04_Running_Game_Sessions/Exploration/Dungeon_Crawling/Exploration_Encounter_Descriptions.md,non iniziato,
Conductor's Companion,en-US/Conductors_Companion/04_Running_Game_Sessions/Exploration/Dungeon_Crawling/Types_of_Dungeons.md,it-IT/Conductors_Companion/04_Running_Game_Sessions/Exploration/Dungeon_Crawling/Types_of_Dungeons.md,non iniziato,
Conductor's Companion,en-US/Conductors_Companion/04_Running_Game_Sessions/Exploration/Environmental_Details/Diseases.md,it-IT/Conductors_Companion/04_Running_Game_Sessions/Exploration/Environmental_Details/Diseases.md,non iniziato,
Conductor's Companion,en-US/Conductors_Companion/04_Running_Game_Sessions/Exploration/Environmental_Details/Environmental_Details.md,it-IT/Conductors_Companion/04_Running_Game_Sessions/Exploration/Environmental_Details/Environmental_Details.md,non iniziato,
Conductor's Companion,en-US/Conductors_Companion/04_Running_Game_Sessions/Exploration/Environmental_Details/Objects.md,it-IT/Conductors_Companion/04_Running_Game_Sessions/Exploration/Environmental_Details/Objects.md,non iniziato,
Conductor's Companion,en-US/Conductors_Companion/04_Running_Game_Sessions/Exploration/Environmental_Details/Passive_Scores.md,it-IT/Conductors_Companion/04_Running_Game_Sessions/Exploration/Environmental_Details/Passive_Scores.md,non iniziato,
Conductor's Companion,en-US/Conductors_Companion/04_Running_Game_Sessions/Exploration/Environmental_Details/Poisons.md,it-IT/Conductors_Companion/04_Running_Game_Sessions/Exploration/Environmental_Details/Poisons.md,non iniziato,
Conductor's Companion,en-US/Conductors_Companion/04_Running_Game_Sessions/Exploration/Environmental_Details/Stress.md,it-IT/Conductors_Companion/04_Running_Game_Sessions/Exploration/Environmental_Details/Stress.md,non iniziato,
Conductor's Companion,en-US/Conductors_Companion/04_Running_Game_Sessions/Exploration/Environmental_Details/Traps.md,it-IT/Conductors_Companion/04_Running_Game_Sessions/Exploration/Environmental_Details/Traps.md,non iniziato,
Conductor's Companion,en-US/Conductors_Companion/04_Running_Game_Sessions/Exploration/Environmental_Details/Traps_Random.md,it-IT/Conductors_Companion/04_Running_Game_Sessions/Exploration/Environmental_Details/Traps_Random.md,non iniziato,
Conductor's Companion,en-US/Conductors_Companion/04_Running_Game_Sessions/Exploration/Environmental_Details/Traps_Samples.md,it-IT/Conductors_Companion/04_Running_Game_Sessions/Exploration/Environmental_Details/Traps_Samples.md,non iniziato,
Conductor's Companion,en-US/Conductors_Companion/04_Running_Game_Sessions/Exploration/Environmental_Details/Traps_in_Play.md,it-IT/Conductors_Companion/04_Running_Game_Sessions/Exploration/Environmental_Details/Traps_in_Play.md,non iniziato,
Conductor's Companion,en-US/Conductors_Companion/04_Running_Game_Sessions/Exploration/Exploration.md,it-IT/Conductors_Companion/04_Running_Game_Sessions/Exploration/Exploration.md,non iniziato,
Conductor's Companion,en-US/Conductors_Companion/04_Running_Game_Sessions/Exploration/Monuments/Monuments.md,it-IT/Conductors_Companion/04_Running_Game_Sessions/Exploration/Monuments/Monuments.md,non iniziato,
Conductor's Companion,en-US/Conductors_Companion/04_Running_Game_Sessions/Exploration/Planes_of_Existence/Beyond_the_Material_Plane.md,it-IT/Conductors_Companion/04_Running_Game_Sessions/Exploration/Planes_of_Existence/Beyond_the_Material_Plane.md,non iniziato,
Conductor's Companion,en-US/Conductors_Companion/04_Running_Game_Sessions/Exploration/Planes_of_Existence/Demiplanes.md,it-IT/Conductors_Companion/04_Running_Game_Sessions/Exploration/Planes_of_Existence/Demiplanes.md,non iniziato,
Conductor's Companion,en-US/Conductors_Companion/04_Running_Game_Sessions/Exploration/Planes_of_Existence/Inner_Planes.md,it-IT/Conductors_Companion/04_Running_Game_Sessions/Exploration/Planes_of_Existence/Inner_Planes.md,non iniziato,
Conductor's Companion,en-US/Conductors_Companion/04_Running_Game_Sessions/Exploration/Planes_of_Existence/Material_Plane.md,it-IT/Conductors_Companion/04_Running_Game_Sessions/Exploration/Planes_of_Existence/Material_Plane.md,non iniziato,
Conductor's Companion,en-US/Conductors_Companion/04_Running_Game_Sessions/Exploration/Planes_of_Existence/Outer_Planes.md,it-IT/Conductors_Companion/04_Running_Game_Sessions/Exploration/Planes_of_Existence/Outer_Planes.md,non iniziato,
Conductor's Companion,en-US/Conductors_Companion/04_Running_Game_Sessions/Exploration/Planes_of_Existence/Planar_Travel.md,it-IT/Conductors_Companion/04_Running_Game_Sessions/Exploration/Planes_of_Existence/Planar_Travel.md,non iniziato,
Conductor's Companion,en-US/Conductors_Companion/04_Running_Game_Sessions/Exploration/Planes_of_Existence/Planes_of_Existence.md,it-IT/Conductors_Companion/04_Running_Game_Sessions/Exploration/Planes_of_Existence/Planes_of_Existence.md,non iniziato,
Conductor's Companion,en-US/Conductors_Companion/04_Running_Game_Sessions/Exploration/Planes_of_Existence/Reflective_Planes.md,it-IT/Conductors_Companion/04_Running_Game_Sessions/Exploration/Planes_of_Existence/Reflective_Planes.md,non iniziato,
Conductor's Companion,en-US/Conductors_Companion/04_Running_Game_Sessions/Exploration/Planes_of_Existence/Sensations_of_the_Planes.md,it-IT/Conductors_Companion/04_Running_Game_Sessions/Exploration/Planes_of_Existence/Sensations_of_the_Planes.md,non iniziato,
Conductor's Companion,en-US/Conductors_Companion/04_Running_Game_Sessions/Exploration/Planes_of_Existence/Transitive_Planes.md,it-IT/Conductors_Companion/04_Running_Game_Sessions/Exploration/Planes_of_Existence/Transitive_Planes.md,non iniziato,
Conductor's Companion,en-US/Conductors_Companion/04_Running_Game_Sessions/Exploration/Underlands_Expeditions/Designing_an_Underland_Enclave.md,it-IT/Conductors_Companion/04_Running_Game_Sessions/Exploration/Underlands_Expeditions/Designing_an_Underland_Enclave.md,non iniziato,
Conductor's Companion,en-US/Conductors_Companion/04_Running_Game_Sessions/Exploration/Underlands_Expeditions/Underlands_Encounter_Tables_by_Tier.md,it-IT/Conductors_Companion/04_Running_Game_Sessions/Exploration/Underlands_Expeditions/Underlands_Encounter_Tables_by_Tier.md,non iniziato,
Conductor's Companion,en-US/Conductors_Companion/04_Running_Game_Sessions/Exploration/Underlands_Expeditions/Underlands_Expeditions.md,it-IT/Conductors_Companion/04_Running_Game_Sessions/Exploration/Underlands_Expeditions/Underlands_Expeditions.md,non iniziato,
Conductor's Companion,en-US/Conductors_Companion/04_Running_Game_Sessions/Exploration/Urban_Adventures/Designing_a_Settlement.md,it-IT/Conductors_Companion/04_Running_Game_Sessions/Exploration/Urban_Adventures/Designing_a_Settlement.md,non iniziato,
Conductor's Companion,en-US/Conductors_Companion/04_Running_Game_Sessions/Exploration/Urban_Adventures/Notable_Urban_Interiors.md,it-IT/Conductors_Companion/04_Running_Game_Sessions/Exploration/Urban_Adventures/Notable_Urban_Interiors.md,non iniziato,
Conductor's Companion,en-US/Conductors_Companion/04_Running_Game_Sessions/Exploration/Urban_Adventures/Urban_Adventures.md,it-IT/Conductors_Companion/04_Running_Game_Sessions/Exploration/Urban_Adventures/Urban_Adventures.md,non iniziato,
Conductor's Companion,en-US/Conductors_Companion/04_Running_Game_Sessions/Exploration/Urban_Adventures/Urban_Encounter_Tables_by_Tier.md,it-IT/Conductors_Companion/04_Running_Game_Sessions/Exploration/Urban_Adventures/Urban_Encounter_Tables_by_Tier.md,non iniziato,
Conductor's Companion,en-US/Conductors_Companion/04_Running_Game_Sessions/Exploration/Wilderness_Travel/Character_Roles.md,it-IT/Conductors_Companion/04_Running_Game_Sessions/Exploration/Wilderness_Travel/Character_Roles.md,non iniziato,
Conductor's Companion,en-US/Conductors_Companion/04_Running_Game_Sessions/Exploration/Wilderness_Travel/Creating_the_Wilderness.md,it-IT/Conductors_Companion/04_Running_Game_Sessions/Exploration/Wilderness_Travel/Creating_the_Wilderness.md,non iniziato,
Conductor's Companion,en-US/Conductors_Companion/04_Running_Game_Sessions/Exploration/Wilderness_Travel/Group_Stealth.md,it-IT/Conductors_Companion/04_Running_Game_Sessions/Exploration/Wilderness_Travel/Group_Stealth.md,non iniziato,
Conductor's Companion,en-US/Conductors_Companion/04_Running_Game_Sessions/Exploration/Wilderness_Travel/Vehicles.md,it-IT/Conductors_Companion/04_Running_Game_Sessions/Exploration/Wilderness_Travel/Vehicles.md,non iniziato,
Conductor's Companion,en-US/Conductors_Companion/04_Running_Game_Sessions/Exploration/Wilderness_Travel/Wilderness_Travel.md,it-IT/Conductors_Companion/04_Running_Game_Sessions/Exploration/Wilderness_Travel/Wilderness_Travel.md,non iniziato,
Conductor's Companion,en-US/Conductors_Companion/04_Running_Game_Sessions/Running_Game_Sessions.md,it-IT/Conductors_Companion/04_Running_Game_Sessions/Running_Game_Sessions.md,non iniziato,
Conductor's Companion,en-US/Conductors_Companion/04_Running_Game_Sessions/Running_your_Game/Calling_for_Checks.md,it-IT/Conductors_Companion/04_Running_Game_Sessions/Running_your_Game/Calling_for_Checks.md,non iniziato,
Conductor's Companion,en-US/Conductors_Companion/04_Running_Game_Sessions/Running_your_Game/Conductors_Truths.md,it-IT/Conductors_Companion/04_Running_Game_Sessions/Running_your_Game/Conductors_Truths.md,non iniziato,
Conductor's Companion,en-US/Conductors_Companion/04_Running_Game_Sessions/Running_your_Game/Prepare_Your_Mind.md,it-IT/Conductors_Companion/04_Running_Game_Sessions/Running_your_Game/Prepare_Your_Mind.md,non iniziato,
Conductor's Companion,en-US/Conductors_Companion/04_Running_Game_Sessions/Running_your_Game/RPG_Tricks.md,it-IT/Conductors_Companion/04_Running_Game_Sessions/Running_your_Game/RPG_Tricks.md,non iniziato,
Conductor's Companion,en-US/Conductors_Companion/04_Running_Game_Sessions/Running_your_Game/Running_your_Game.md,it-IT/Conductors_Companion/04_Running_Game_Sessions/Running_your_Game/Running_your_Game.md,non iniziato,
Conductor's Companion,en-US/Conductors_Companion/04_Running_Game_Sessions/Running_your_Game/Stars_and_Wishes.md,it-IT/Conductors_Companion/04_Running_Game_Sessions/Running_your_Game/Stars_and_Wishes.md,non iniziato,
Conductor's Companion,en-US/Conductors_Companion/04_Running_Game_Sessions/Running_your_Game/Variant_Doom.md,it-IT/Conductors_Companion/04_Running_Game_Sessions/Running_your_Game/Variant_Doom.md,non iniziato,
Conductor's Companion,en-US/Conductors_Companion/04_Running_Game_Sessions/Social_Encounters/Between_Adventures.md,it-IT/Conductors_Companion/04_Running_Game_Sessions/Social_Encounters/Between_Adventures.md,non iniziato,
Conductor's Companion,en-US/Conductors_Companion/04_Running_Game_Sessions/Social_Encounters/Campsite_Stories.md,it-IT/Conductors_Companion/04_Running_Game_Sessions/Social_Encounters/Campsite_Stories.md,non iniziato,
Conductor's Companion,en-US/Conductors_Companion/04_Running_Game_Sessions/Social_Encounters/Inspiration.md,it-IT/Conductors_Companion/04_Running_Game_Sessions/Social_Encounters/Inspiration.md,non iniziato,
Conductor's Companion,en-US/Conductors_Companion/04_Running_Game_Sessions/Social_Encounters/Random_Social_Encounters.md,it-IT/Conductors_Companion/04_Running_Game_Sessions/Social_Encounters/Random_Social_Encounters.md,non iniziato,
Conductor's Companion,en-US/Conductors_Companion/04_Running_Game_Sessions/Social_Encounters/Roleplay.md,it-IT/Conductors_Companion/04_Running_Game_Sessions/Social_Encounters/Roleplay.md,non iniziato,
Conductor's Companion,en-US/Conductors_Companion/04_Running_Game_Sessions/Social_Encounters/Social_Encounters.md,it-IT/Conductors_Companion/04_Running_Game_Sessions/Social_Encounters/Social_Encounters.md,non iniziato,
Conductor's Companion,en-US/Conductors_Companion/04_Running_Game_Sessions/Tools_for_Improvisation/Difficulty_Checks.md,it-IT/Conductors_Companion/04_Running_Game_Sessions/Tools_for_Improvisation/Difficulty_Checks.md,non iniziato,
Conductor's Companion,en-US/Conductors_Companion/04_Running_Game_Sessions/Tools_for_Improvisation/Improvised_Damage.md,it-IT/Conductors_Companion/04_Running_Game_Sessions/Tools_for_Improvisation/Improvised_Damage.md,non iniziato,
Conductor's Companion,en-US/Conductors_Companion/04_Running_Game_Sessions/Tools_for_Improvisation/Improvised_Statistics.md,it-IT/Conductors_Companion/04_Running_Game_Sessions/Tools_for_Improvisation/Improvised_Statistics.md,non iniziato,
Conductor's Companion,en-US/Conductors_Companion/04_Running_Game_Sessions/Tools_for_Improvisation/Other_Improv_Tricks.md,it-IT/Conductors_Companion/04_Running_Game_Sessions/Tools_for_Improvisation/Other_Improv_Tricks.md,non iniziato,
Conductor's Companion,en-US/Conductors_Companion/04_Running_Game_Sessions/Tools_for_Improvisation/Tools_for_Improvisation.md,it-IT/Conductors_Companion/04_Running_Game_Sessions/Tools_for_Improvisation/Tools_for_Improvisation.md,non iniziato,
Conductor's Companion,en-US/Conductors_Companion/04_Running_Game_Sessions/Using_Magic_Items/Activating_an_Item.md,it-IT/Conductors_Companion/04_Running_Game_Sessions/Using_Magic_Items/Activating_an_Item.md,non iniziato,
Conductor's Companion,en-US/Conductors_Companion/04_Running_Game_Sessions/Using_Magic_Items/Assistive_Devices.md,it-IT/Conductors_Companion/04_Running_Game_Sessions/Using_Magic_Items/Assistive_Devices.md,non iniziato,
Conductor's Companion,en-US/Conductors_Companion/04_Running_Game_Sessions/Using_Magic_Items/Attunement.md,it-IT/Conductors_Companion/04_Running_Game_Sessions/Using_Magic_Items/Attunement.md,non iniziato,
Conductor's Companion,en-US/Conductors_Companion/04_Running_Game_Sessions/Using_Magic_Items/Using_Magic_Items.md,it-IT/Conductors_Companion/04_Running_Game_Sessions/Using_Magic_Items/Using_Magic_Items.md,non iniziato,
Conductor's Companion,en-US/Conductors_Companion/04_Running_Game_Sessions/Using_Magic_Items/Wearing_and_Wielding_Items.md,it-IT/Conductors_Companion/04_Running_Game_Sessions/Using_Magic_Items/Wearing_and_Wielding_Items.md,non iniziato,
Conductor's Companion,en-US/Conductors_Companion/A_Appendix/A1_Magic_Items_A_through_Z/A/Adamantine_Armor.md,it-IT/Conductors_Companion/A_Appendix/A1_Magic_Items_A_through_Z/A/Adamantine_Armor.md,non iniziato,
Conductor's Companion,en-US/Conductors_Companion/A_Appendix/A1_Magic_Items_A_through_Z/A/Ammunition_of_Slaying.md,it-IT/Conductors_Companion/A_Appendix/A1_Magic_Items_A_through_Z/A/Ammunition_of_Slaying.md,non iniziato,
Conductor's Companion,en-US/Conductors_Companion/A_Appendix/A1_Magic_Items_A_through_Z/A/Ammunition_plus.md,it-IT/Conductors_Companion/A_Appendix/A1_Magic_Items_A_through_Z/A/Ammunition_plus.md,non iniziato,
Conductor's Companion,en-US/Conductors_Companion/A_Appendix/A1_Magic_Items_A_through_Z/A/Amulet_of_Health.md,it-IT/Conductors_Companion/A_Appendix/A1_Magic_Items_A_through_Z/A/Amulet_of_Health.md,non iniziato,
Conductor's Companion,en-US/Conductors_Companion/A_Appendix/A1_Magic_Items_A_through_Z/A/Amulet_of_Proof_against_Detection_and_Location.md,it-IT/Conductors_Companion/A_Appendix/A1_Magic_Items_A_through_Z/A/Amulet_of_Proof_against_Detection_and_Location.md,non iniziato,
Conductor's Companion,en-US/Conductors_Companion/A_Appendix/A1_Magic_Items_A_through_Z/A/Amulet_of_the_Planes.md,it-IT/Conductors_Companion/A_Appendix/A1_Magic_Items_A_through_Z/A/Amulet_of_the_Planes.md,non iniziato,
Conductor's Companion,en-US/Conductors_Companion/A_Appendix/A1_Magic_Items_A_through_Z/A/Animated_Shield.md,it-IT/Conductors_Companion/A_Appendix/A1_Magic_Items_A_through_Z/A/Animated_Shield.md,non iniziato,
Conductor's Companion,en-US/Conductors_Companion/A_Appendix/A1_Magic_Items_A_through_Z/A/Apparatus_of_Paoliello.md,it-IT/Conductors_Companion/A_Appendix/A1_Magic_Items_A_through_Z/A/Apparatus_of_Paoliello.md,non iniziato,
Conductor's Companion,en-US/Conductors_Companion/A_Appendix/A1_Magic_Items_A_through_Z/A/Armor_of_Invulnerability.md,it-IT/Conductors_Companion/A_Appendix/A1_Magic_Items_A_through_Z/A/Armor_of_Invulnerability.md,non iniziato,
Conductor's Companion,en-US/Conductors_Companion/A_Appendix/A1_Magic_Items_A_through_Z/A/Armor_of_Resistance.md,it-IT/Conductors_Companion/A_Appendix/A1_Magic_Items_A_through_Z/A/Armor_of_Resistance.md,non iniziato,
Conductor's Companion,en-US/Conductors_Companion/A_Appendix/A1_Magic_Items_A_through_Z/A/Armor_of_Vulnerability.md,it-IT/Conductors_Companion/A_Appendix/A1_Magic_Items_A_through_Z/A/Armor_of_Vulnerability.md,non iniziato,
Conductor's Companion,en-US/Conductors_Companion/A_Appendix/A1_Magic_Items_A_through_Z/A/Armor_plus.md,it-IT/Conductors_Companion/A_Appendix/A1_Magic_Items_A_through_Z/A/Armor_plus.md,non iniziato,
Conductor's Companion,en-US/Conductors_Companion/A_Appendix/A1_Magic_Items_A_through_Z/A/Arrow-Catching_Shield.md,it-IT/Conductors_Companion/A_Appendix/A1_Magic_Items_A_through_Z/A/Arrow-Catching_Shield.md,non iniziato,
Conductor's Companion,en-US/Conductors_Companion/A_Appendix/A1_Magic_Items_A_through_Z/A/_A.md,it-IT/Conductors_Companion/A_Appendix/A1_Magic_Items_A_through_Z/A/_A.md,non iniziato,
Conductor's Companion,en-US/Conductors_Companion/A_Appendix/A1_Magic_Items_A_through_Z/B/Bag_of_Beans.md,it-IT/Conductors_Companion/A_Appendix/A1_Magic_Items_A_through_Z/B/Bag_of_Beans.md,non iniziato,
Conductor's Companion,en-US/Conductors_Companion/A_Appendix/A1_Magic_Items_A_through_Z/B/Bag_of_Devouring.md,it-IT/Conductors_Companion/A_Appendix/A1_Magic_Items_A_through_Z/B/Bag_of_Devouring.md,non iniziato,
Conductor's Companion,en-US/Conductors_Companion/A_Appendix/A1_Magic_Items_A_through_Z/B/Bag_of_Holding.md,it-IT/Conductors_Companion/A_Appendix/A1_Magic_Items_A_through_Z/B/Bag_of_Holding.md,non iniziato,
Conductor's Companion,en-US/Conductors_Companion/A_Appendix/A1_Magic_Items_A_through_Z/B/Bag_of_Tricks.md,it-IT/Conductors_Companion/A_Appendix/A1_Magic_Items_A_through_Z/B/Bag_of_Tricks.md,non iniziato,
Conductor's Companion,en-US/Conductors_Companion/A_Appendix/A1_Magic_Items_A_through_Z/B/Bead_of_Force.md,it-IT/Conductors_Companion/A_Appendix/A1_Magic_Items_A_through_Z/B/Bead_of_Force.md,non iniziato,
Conductor's Companion,en-US/Conductors_Companion/A_Appendix/A1_Magic_Items_A_through_Z/B/Belt_of_Dwarvenkind.md,it-IT/Conductors_Companion/A_Appendix/A1_Magic_Items_A_through_Z/B/Belt_of_Dwarvenkind.md,non iniziato,
Conductor's Companion,en-US/Conductors_Companion/A_Appendix/A1_Magic_Items_A_through_Z/B/Belt_of_Giant_Strength.md,it-IT/Conductors_Companion/A_Appendix/A1_Magic_Items_A_through_Z/B/Belt_of_Giant_Strength.md,non iniziato,
Conductor's Companion,en-US/Conductors_Companion/A_Appendix/A1_Magic_Items_A_through_Z/B/Berserker_Axe.md,it-IT/Conductors_Companion/A_Appendix/A1_Magic_Items_A_through_Z/B/Berserker_Axe.md,non iniziato,
Conductor's Companion,en-US/Conductors_Companion/A_Appendix/A1_Magic_Items_A_through_Z/B/Bjorns_Extensive_Crutches.md,it-IT/Conductors_Companion/A_Appendix/A1_Magic_Items_A_through_Z/B/Bjorns_Extensive_Crutches.md,non iniziato,
Conductor's Companion,en-US/Conductors_Companion/A_Appendix/A1_Magic_Items_A_through_Z/B/Boots_of_Elvenkind.md,it-IT/Conductors_Companion/A_Appendix/A1_Magic_Items_A_through_Z/B/Boots_of_Elvenkind.md,non iniziato,
Conductor's Companion,en-US/Conductors_Companion/A_Appendix/A1_Magic_Items_A_through_Z/B/Boots_of_Levitation.md,it-IT/Conductors_Companion/A_Appendix/A1_Magic_Items_A_through_Z/B/Boots_of_Levitation.md,non iniziato,
Conductor's Companion,en-US/Conductors_Companion/A_Appendix/A1_Magic_Items_A_through_Z/B/Boots_of_Speed.md,it-IT/Conductors_Companion/A_Appendix/A1_Magic_Items_A_through_Z/B/Boots_of_Speed.md,non iniziato,
Conductor's Companion,en-US/Conductors_Companion/A_Appendix/A1_Magic_Items_A_through_Z/B/Boots_of_Striding_and_Springing.md,it-IT/Conductors_Companion/A_Appendix/A1_Magic_Items_A_through_Z/B/Boots_of_Striding_and_Springing.md,non iniziato,
Conductor's Companion,en-US/Conductors_Companion/A_Appendix/A1_Magic_Items_A_through_Z/B/Boots_of_the_Winterlands.md,it-IT/Conductors_Companion/A_Appendix/A1_Magic_Items_A_through_Z/B/Boots_of_the_Winterlands.md,non iniziato,
Conductor's Companion,en-US/Conductors_Companion/A_Appendix/A1_Magic_Items_A_through_Z/B/Bowl_of_Commanding_Water_Elementals.md,it-IT/Conductors_Companion/A_Appendix/A1_Magic_Items_A_through_Z/B/Bowl_of_Commanding_Water_Elementals.md,non iniziato,
Conductor's Companion,en-US/Conductors_Companion/A_Appendix/A1_Magic_Items_A_through_Z/B/Bracers_of_Archery.md,it-IT/Conductors_Companion/A_Appendix/A1_Magic_Items_A_through_Z/B/Bracers_of_Archery.md,non iniziato,
Conductor's Companion,en-US/Conductors_Companion/A_Appendix/A1_Magic_Items_A_through_Z/B/Bracers_of_Defense.md,it-IT/Conductors_Companion/A_Appendix/A1_Magic_Items_A_through_Z/B/Bracers_of_Defense.md,non iniziato,
Conductor's Companion,en-US/Conductors_Companion/A_Appendix/A1_Magic_Items_A_through_Z/B/Brazier_of_Commanding_Fire_Elementals.md,it-IT/Conductors_Companion/A_Appendix/A1_Magic_Items_A_through_Z/B/Brazier_of_Commanding_Fire_Elementals.md,non iniziato,
Conductor's Companion,en-US/Conductors_Companion/A_Appendix/A1_Magic_Items_A_through_Z/B/Brooch_of_Shielding.md,it-IT/Conductors_Companion/A_Appendix/A1_Magic_Items_A_through_Z/B/Brooch_of_Shielding.md,non iniziato,
Conductor's Companion,en-US/Conductors_Companion/A_Appendix/A1_Magic_Items_A_through_Z/B/Broom_of_Flying.md,it-IT/Conductors_Companion/A_Appendix/A1_Magic_Items_A_through_Z/B/Broom_of_Flying.md,non iniziato,
Conductor's Companion,en-US/Conductors_Companion/A_Appendix/A1_Magic_Items_A_through_Z/B/_B.md,it-IT/Conductors_Companion/A_Appendix/A1_Magic_Items_A_through_Z/B/_B.md,non iniziato,
Conductor's Companion,en-US/Conductors_Companion/A_Appendix/A1_Magic_Items_A_through_Z/C/Candle_of_Invocation.md,it-IT/Conductors_Companion/A_Appendix/A1_Magic_Items_A_through_Z/C/Candle_of_Invocation.md,non iniziato,
Conductor's Companion,en-US/Conductors_Companion/A_Appendix/A1_Magic_Items_A_through_Z/C/Cantrip_Wand.md,it-IT/Conductors_Companion/A_Appendix/A1_Magic_Items_A_through_Z/C/Cantrip_Wand.md,non iniziato,
Conductor's Companion,en-US/Conductors_Companion/A_Appendix/A1_Magic_Items_A_through_Z/C/Cape_of_the_Mountebank.md,it-IT/Conductors_Companion/A_Appendix/A1_Magic_Items_A_through_Z/C/Cape_of_the_Mountebank.md,non iniziato,
Conductor's Companion,en-US/Conductors_Companion/A_Appendix/A1_Magic_Items_A_through_Z/C/Carpet_of_Flying.md,it-IT/Conductors_Companion/A_Appendix/A1_Magic_Items_A_through_Z/C/Carpet_of_Flying.md,non iniziato,
Conductor's Companion,en-US/Conductors_Companion/A_Appendix/A1_Magic_Items_A_through_Z/C/Censer_of_Controlling_Air_Elementals.md,it-IT/Conductors_Companion/A_Appendix/A1_Magic_Items_A_through_Z/C/Censer_of_Controlling_Air_Elementals.md,non iniziato,
Conductor's Companion,en-US/Conductors_Companion/A_Appendix/A1_Magic_Items_A_through_Z/C/Chaoss_Orca_Chair.md,it-IT/Conductors_Companion/A_Appendix/A1_Magic_Items_A_through_Z/C/Chaoss_Orca_Chair.md,non iniziato,
Conductor's Companion,en-US/Conductors_Companion/A_Appendix/A1_Magic_Items_A_through_Z/C/Chime_of_Opening.md,it-IT/Conductors_Companion/A_Appendix/A1_Magic_Items_A_through_Z/C/Chime_of_Opening.md,non iniziato,
Conductor's Companion,en-US/Conductors_Companion/A_Appendix/A1_Magic_Items_A_through_Z/C/Circlet_of_Blasting.md,it-IT/Conductors_Companion/A_Appendix/A1_Magic_Items_A_through_Z/C/Circlet_of_Blasting.md,non iniziato,
Conductor's Companion,en-US/Conductors_Companion/A_Appendix/A1_Magic_Items_A_through_Z/C/Cloak_of_Arachnida.md,it-IT/Conductors_Companion/A_Appendix/A1_Magic_Items_A_through_Z/C/Cloak_of_Arachnida.md,non iniziato,
Conductor's Companion,en-US/Conductors_Companion/A_Appendix/A1_Magic_Items_A_through_Z/C/Cloak_of_Displacement.md,it-IT/Conductors_Companion/A_Appendix/A1_Magic_Items_A_through_Z/C/Cloak_of_Displacement.md,non iniziato,
Conductor's Companion,en-US/Conductors_Companion/A_Appendix/A1_Magic_Items_A_through_Z/C/Cloak_of_Elvenkind.md,it-IT/Conductors_Companion/A_Appendix/A1_Magic_Items_A_through_Z/C/Cloak_of_Elvenkind.md,non iniziato,
Conductor's Companion,en-US/Conductors_Companion/A_Appendix/A1_Magic_Items_A_through_Z/C/Cloak_of_Protection.md,it-IT/Conductors_Companion/A_Appendix/A1_Magic_Items_A_through_Z/C/Cloak_of_Protection.md,non iniziato,
Conductor's Companion,en-US/Conductors_Companion/A_Appendix/A1_Magic_Items_A_through_Z/C/Cloak_of_the_Bat.md,it-IT/Conductors_Companion/A_Appendix/A1_Magic_Items_A_through_Z/C/Cloak_of_the_Bat.md,non iniziato,
Conductor's Companion,en-US/Conductors_Companion/A_Appendix/A1_Magic_Items_A_through_Z/C/Cloak_of_the_Manta_Ray.md,it-IT/Conductors_Companion/A_Appendix/A1_Magic_Items_A_through_Z/C/Cloak_of_the_Manta_Ray.md,non iniziato,
Conductor's Companion,en-US/Conductors_Companion/A_Appendix/A1_Magic_Items_A_through_Z/C/Crystal_Ball.md,it-IT/Conductors_Companion/A_Appendix/A1_Magic_Items_A_through_Z/C/Crystal_Ball.md,non iniziato,
Conductor's Companion,en-US/Conductors_Companion/A_Appendix/A1_Magic_Items_A_through_Z/C/Cube_of_Force.md,it-IT/Conductors_Companion/A_Appendix/A1_Magic_Items_A_through_Z/C/Cube_of_Force.md,non iniziato,
Conductor's Companion,en-US/Conductors_Companion/A_Appendix/A1_Magic_Items_A_through_Z/C/Cubic_Gate.md,it-IT/Conductors_Companion/A_Appendix/A1_Magic_Items_A_through_Z/C/Cubic_Gate.md,non iniziato,
Conductor's Companion,en-US/Conductors_Companion/A_Appendix/A1_Magic_Items_A_through_Z/C/_C.md,it-IT/Conductors_Companion/A_Appendix/A1_Magic_Items_A_through_Z/C/_C.md,non iniziato,
Conductor's Companion,en-US/Conductors_Companion/A_Appendix/A1_Magic_Items_A_through_Z/D/Dagger_of_Venom.md,it-IT/Conductors_Companion/A_Appendix/A1_Magic_Items_A_through_Z/D/Dagger_of_Venom.md,non iniziato,
Conductor's Companion,en-US/Conductors_Companion/A_Appendix/A1_Magic_Items_A_through_Z/D/Dancing_Sword.md,it-IT/Conductors_Companion/A_Appendix/A1_Magic_Items_A_through_Z/D/Dancing_Sword.md,non iniziato,
Conductor's Companion,en-US/Conductors_Companion/A_Appendix/A1_Magic_Items_A_through_Z/D/Decanter_of_Endless_Water.md,it-IT/Conductors_Companion/A_Appendix/A1_Magic_Items_A_through_Z/D/Decanter_of_Endless_Water.md,non iniziato,
Conductor's Companion,en-US/Conductors_Companion/A_Appendix/A1_Magic_Items_A_through_Z/D/Deck_of_Illusions.md,it-IT/Conductors_Companion/A_Appendix/A1_Magic_Items_A_through_Z/D/Deck_of_Illusions.md,non iniziato,
Conductor's Companion,en-US/Conductors_Companion/A_Appendix/A1_Magic_Items_A_through_Z/D/Deck_of_Many_Things.md,it-IT/Conductors_Companion/A_Appendix/A1_Magic_Items_A_through_Z/D/Deck_of_Many_Things.md,non iniziato,
Conductor's Companion,en-US/Conductors_Companion/A_Appendix/A1_Magic_Items_A_through_Z/D/Defender.md,it-IT/Conductors_Companion/A_Appendix/A1_Magic_Items_A_through_Z/D/Defender.md,non iniziato,
Conductor's Companion,en-US/Conductors_Companion/A_Appendix/A1_Magic_Items_A_through_Z/D/Demon_Armor.md,it-IT/Conductors_Companion/A_Appendix/A1_Magic_Items_A_through_Z/D/Demon_Armor.md,non iniziato,
Conductor's Companion,en-US/Conductors_Companion/A_Appendix/A1_Magic_Items_A_through_Z/D/Dimensional_Shackles.md,it-IT/Conductors_Companion/A_Appendix/A1_Magic_Items_A_through_Z/D/Dimensional_Shackles.md,non iniziato,
Conductor's Companion,en-US/Conductors_Companion/A_Appendix/A1_Magic_Items_A_through_Z/D/Dragon_Scale_Mail.md,it-IT/Conductors_Companion/A_Appendix/A1_Magic_Items_A_through_Z/D/Dragon_Scale_Mail.md,non iniziato,
Conductor's Companion,en-US/Conductors_Companion/A_Appendix/A1_Magic_Items_A_through_Z/D/Dragon_Slayer.md,it-IT/Conductors_Companion/A_Appendix/A1_Magic_Items_A_through_Z/D/Dragon_Slayer.md,non iniziato,
Conductor's Companion,en-US/Conductors_Companion/A_Appendix/A1_Magic_Items_A_through_Z/D/Dust_of_Disappearance.md,it-IT/Conductors_Companion/A_Appendix/A1_Magic_Items_A_through_Z/D/Dust_of_Disappearance.md,non iniziato,
Conductor's Companion,en-US/Conductors_Companion/A_Appendix/A1_Magic_Items_A_through_Z/D/Dust_of_Dryness.md,it-IT/Conductors_Companion/A_Appendix/A1_Magic_Items_A_through_Z/D/Dust_of_Dryness.md,non iniziato,
Conductor's Companion,en-US/Conductors_Companion/A_Appendix/A1_Magic_Items_A_through_Z/D/Dust_of_Sneezing_and_Choking.md,it-IT/Conductors_Companion/A_Appendix/A1_Magic_Items_A_through_Z/D/Dust_of_Sneezing_and_Choking.md,non iniziato,
Conductor's Companion,en-US/Conductors_Companion/A_Appendix/A1_Magic_Items_A_through_Z/D/Dwarven_Plate.md,it-IT/Conductors_Companion/A_Appendix/A1_Magic_Items_A_through_Z/D/Dwarven_Plate.md,non iniziato,
Conductor's Companion,en-US/Conductors_Companion/A_Appendix/A1_Magic_Items_A_through_Z/D/Dwarven_Thrower.md,it-IT/Conductors_Companion/A_Appendix/A1_Magic_Items_A_through_Z/D/Dwarven_Thrower.md,non iniziato,
Conductor's Companion,en-US/Conductors_Companion/A_Appendix/A1_Magic_Items_A_through_Z/D/_D.md,it-IT/Conductors_Companion/A_Appendix/A1_Magic_Items_A_through_Z/D/_D.md,non iniziato,
Conductor's Companion,en-US/Conductors_Companion/A_Appendix/A1_Magic_Items_A_through_Z/E/Efreeti_Bottle.md,it-IT/Conductors_Companion/A_Appendix/A1_Magic_Items_A_through_Z/E/Efreeti_Bottle.md,non iniziato,
Conductor's Companion,en-US/Conductors_Companion/A_Appendix/A1_Magic_Items_A_through_Z/E/Elemental_Gem.md,it-IT/Conductors_Companion/A_Appendix/A1_Magic_Items_A_through_Z/E/Elemental_Gem.md,non iniziato,
Conductor's Companion,en-US/Conductors_Companion/A_Appendix/A1_Magic_Items_A_through_Z/E/Elven_Chain.md,it-IT/Conductors_Companion/A_Appendix/A1_Magic_Items_A_through_Z/E/Elven_Chain.md,non iniziato,
Conductor's Companion,en-US/Conductors_Companion/A_Appendix/A1_Magic_Items_A_through_Z/E/Eversmoking_Bottle.md,it-IT/Conductors_Companion/A_Appendix/A1_Magic_Items_A_through_Z/E/Eversmoking_Bottle.md,non iniziato,
Conductor's Companion,en-US/Conductors_Companion/A_Appendix/A1_Magic_Items_A_through_Z/E/Eyes_of_Charming.md,it-IT/Conductors_Companion/A_Appendix/A1_Magic_Items_A_through_Z/E/Eyes_of_Charming.md,non iniziato,
Conductor's Companion,en-US/Conductors_Companion/A_Appendix/A1_Magic_Items_A_through_Z/E/Eyes_of_Minute_Seeing.md,it-IT/Conductors_Companion/A_Appendix/A1_Magic_Items_A_through_Z/E/Eyes_of_Minute_Seeing.md,non iniziato,
Conductor's Companion,en-US/Conductors_Companion/A_Appendix/A1_Magic_Items_A_through_Z/E/Eyes_of_the_Eagle.md,it-IT/Conductors_Companion/A_Appendix/A1_Magic_Items_A_through_Z/E/Eyes_of_the_Eagle.md,non iniziato,
Conductor's Companion,en-US/Conductors_Companion/A_Appendix/A1_Magic_Items_A_through_Z/E/_E.md,it-IT/Conductors_Companion/A_Appendix/A1_Magic_Items_A_through_Z/E/_E.md,non iniziato,
Conductor's Companion,en-US/Conductors_Companion/A_Appendix/A1_Magic_Items_A_through_Z/F/Figurine_of_Wondrous_Power.md,it-IT/Conductors_Companion/A_Appendix/A1_Magic_Items_A_through_Z/F/Figurine_of_Wondrous_Power.md,non iniziato,
Conductor's Companion,en-US/Conductors_Companion/A_Appendix/A1_Magic_Items_A_through_Z/F/Flame_Tongue.md,it-IT/Conductors_Companion/A_Appendix/A1_Magic_Items_A_through_Z/F/Flame_Tongue.md,non iniziato,
Conductor's Companion,en-US/Conductors_Companion/A_Appendix/A1_Magic_Items_A_through_Z/F/Flamewells_Eye_of_Pairs.md,it-IT/Conductors_Companion/A_Appendix/A1_Magic_Items_A_through_Z/F/Flamewells_Eye_of_Pairs.md,non iniziato,
Conductor's Companion,en-US/Conductors_Companion/A_Appendix/A1_Magic_Items_A_through_Z/F/Folding_Boat.md,it-IT/Conductors_Companion/A_Appendix/A1_Magic_Items_A_through_Z/F/Folding_Boat.md,non iniziato,
Conductor's Companion,en-US/Conductors_Companion/A_Appendix/A1_Magic_Items_A_through_Z/F/Frost_Brand.md,it-IT/Conductors_Companion/A_Appendix/A1_Magic_Items_A_through_Z/F/Frost_Brand.md,non iniziato,
Conductor's Companion,en-US/Conductors_Companion/A_Appendix/A1_Magic_Items_A_through_Z/F/_F.md,it-IT/Conductors_Companion/A_Appendix/A1_Magic_Items_A_through_Z/F/_F.md,non iniziato,
Conductor's Companion,en-US/Conductors_Companion/A_Appendix/A1_Magic_Items_A_through_Z/G/Gauntlets_of_Ogre_Power.md,it-IT/Conductors_Companion/A_Appendix/A1_Magic_Items_A_through_Z/G/Gauntlets_of_Ogre_Power.md,non iniziato,
Conductor's Companion,en-US/Conductors_Companion/A_Appendix/A1_Magic_Items_A_through_Z/G/Gem_of_Brightness.md,it-IT/Conductors_Companion/A_Appendix/A1_Magic_Items_A_through_Z/G/Gem_of_Brightness.md,non iniziato,
Conductor's Companion,en-US/Conductors_Companion/A_Appendix/A1_Magic_Items_A_through_Z/G/Gem_of_Seeing.md,it-IT/Conductors_Companion/A_Appendix/A1_Magic_Items_A_through_Z/G/Gem_of_Seeing.md,non iniziato,
Conductor's Companion,en-US/Conductors_Companion/A_Appendix/A1_Magic_Items_A_through_Z/G/Gesas_Impossible_Quiver.md,it-IT/Conductors_Companion/A_Appendix/A1_Magic_Items_A_through_Z/G/Gesas_Impossible_Quiver.md,non iniziato,
Conductor's Companion,en-US/Conductors_Companion/A_Appendix/A1_Magic_Items_A_through_Z/G/Giant_Slayer.md,it-IT/Conductors_Companion/A_Appendix/A1_Magic_Items_A_through_Z/G/Giant_Slayer.md,non iniziato,
Conductor's Companion,en-US/Conductors_Companion/A_Appendix/A1_Magic_Items_A_through_Z/G/Glamoured_Studded_Leather.md,it-IT/Conductors_Companion/A_Appendix/A1_Magic_Items_A_through_Z/G/Glamoured_Studded_Leather.md,non iniziato,
Conductor's Companion,en-US/Conductors_Companion/A_Appendix/A1_Magic_Items_A_through_Z/G/Gloves_of_Missile_Snaring.md,it-IT/Conductors_Companion/A_Appendix/A1_Magic_Items_A_through_Z/G/Gloves_of_Missile_Snaring.md,non iniziato,
Conductor's Companion,en-US/Conductors_Companion/A_Appendix/A1_Magic_Items_A_through_Z/G/Gloves_of_Swimming_of_Climbing.md,it-IT/Conductors_Companion/A_Appendix/A1_Magic_Items_A_through_Z/G/Gloves_of_Swimming_of_Climbing.md,non iniziato,
Conductor's Companion,en-US/Conductors_Companion/A_Appendix/A1_Magic_Items_A_through_Z/G/Goggles_of_Night.md,it-IT/Conductors_Companion/A_Appendix/A1_Magic_Items_A_through_Z/G/Goggles_of_Night.md,non iniziato,
Conductor's Companion,en-US/Conductors_Companion/A_Appendix/A1_Magic_Items_A_through_Z/G/_G.md,it-IT/Conductors_Companion/A_Appendix/A1_Magic_Items_A_through_Z/G/_G.md,non iniziato,
Conductor's Companion,en-US/Conductors_Companion/A_Appendix/A1_Magic_Items_A_through_Z/H/Hammer_of_Thunderbolts.md,it-IT/Conductors_Companion/A_Appendix/A1_Magic_Items_A_through_Z/H/Hammer_of_Thunderbolts.md,non iniziato,
Conductor's Companion,en-US/Conductors_Companion/A_Appendix/A1_Magic_Items_A_through_Z/H/Hat_of_Disguise.md,it-IT/Conductors_Companion/A_Appendix/A1_Magic_Items_A_through_Z/H/Hat_of_Disguise.md,non iniziato,
Conductor's Companion,en-US/Conductors_Companion/A_Appendix/A1_Magic_Items_A_through_Z/H/Headband_of_Intellect.md,it-IT/Conductors_Companion/A_Appendix/A1_Magic_Items_A_through_Z/H/Headband_of_Intellect.md,non iniziato,
Conductor's Companion,en-US/Conductors_Companion/A_Appendix/A1_Magic_Items_A_through_Z/H/Helm_of_Brilliance.md,it-IT/Conductors_Companion/A_Appendix/A1_Magic_Items_A_through_Z/H/Helm_of_Brilliance.md,non iniziato,
Conductor's Companion,en-US/Conductors_Companion/A_Appendix/A1_Magic_Items_A_through_Z/H/Helm_of_Comprehending_Languages.md,it-IT/Conductors_Companion/A_Appendix/A1_Magic_Items_A_through_Z/H/Helm_of_Comprehending_Languages.md,non iniziato,
Conductor's Companion,en-US/Conductors_Companion/A_Appendix/A1_Magic_Items_A_through_Z/H/Helm_of_Telepathy.md,it-IT/Conductors_Companion/A_Appendix/A1_Magic_Items_A_through_Z/H/Helm_of_Telepathy.md,non iniziato,
Conductor's Companion,en-US/Conductors_Companion/A_Appendix/A1_Magic_Items_A_through_Z/H/Helm_of_Teleportation.md,it-IT/Conductors_Companion/A_Appendix/A1_Magic_Items_A_through_Z/H/Helm_of_Teleportation.md,non iniziato,
Conductor's Companion,en-US/Conductors_Companion/A_Appendix/A1_Magic_Items_A_through_Z/H/Holy_Avenger.md,it-IT/Conductors_Companion/A_Appendix/A1_Magic_Items_A_through_Z/H/Holy_Avenger.md,non iniziato,
Conductor's Companion,en-US/Conductors_Companion/A_Appendix/A1_Magic_Items_A_through_Z/H/Horn_of_Blasting.md,it-IT/Conductors_Companion/A_Appendix/A1_Magic_Items_A_through_Z/H/Horn_of_Blasting.md,non iniziato,
Conductor's Companion,en-US/Conductors_Companion/A_Appendix/A1_Magic_Items_A_through_Z/H/Horseshoes_of_Speed.md,it-IT/Conductors_Companion/A_Appendix/A1_Magic_Items_A_through_Z/H/Horseshoes_of_Speed.md,non iniziato,
Conductor's Companion,en-US/Conductors_Companion/A_Appendix/A1_Magic_Items_A_through_Z/H/Horseshoes_of_a_Zephyr.md,it-IT/Conductors_Companion/A_Appendix/A1_Magic_Items_A_through_Z/H/Horseshoes_of_a_Zephyr.md,non iniziato,
Conductor's Companion,en-US/Conductors_Companion/A_Appendix/A1_Magic_Items_A_through_Z/H/Howards_Handy_Howdah.md,it-IT/Conductors_Companion/A_Appendix/A1_Magic_Items_A_through_Z/H/Howards_Handy_Howdah.md,non iniziato,
Conductor's Companion,en-US/Conductors_Companion/A_Appendix/A1_Magic_Items_A_through_Z/H/_H.md,it-IT/Conductors_Companion/A_Appendix/A1_Magic_Items_A_through_Z/H/_H.md,non iniziato,
Conductor's Companion,en-US/Conductors_Companion/A_Appendix/A1_Magic_Items_A_through_Z/I/Iaeakeas_Portable_Spire.md,it-IT/Conductors_Companion/A_Appendix/A1_Magic_Items_A_through_Z/I/Iaeakeas_Portable_Spire.md,non iniziato,
Conductor's Companion,en-US/Conductors_Companion/A_Appendix/A1_Magic_Items_A_through_Z/I/Immovable_Rod.md,it-IT/Conductors_Companion/A_Appendix/A1_Magic_Items_A_through_Z/I/Immovable_Rod.md,non iniziato,
Conductor's Companion,en-US/Conductors_Companion/A_Appendix/A1_Magic_Items_A_through_Z/I/Ioun_Stone.md,it-IT/Conductors_Companion/A_Appendix/A1_Magic_Items_A_through_Z/I/Ioun_Stone.md,non iniziato,
Conductor's Companion,en-US/Conductors_Companion/A_Appendix/A1_Magic_Items_A_through_Z/I/Iron_Bands_of_Binding.md,it-IT/Conductors_Companion/A_Appendix/A1_Magic_Items_A_through_Z/I/Iron_Bands_of_Binding.md,non iniziato,
Conductor's Companion,en-US/Conductors_Companion/A_Appendix/A1_Magic_Items_A_through_Z/I/Iron_Flask.md,it-IT/Conductors_Companion/A_Appendix/A1_Magic_Items_A_through_Z/I/Iron_Flask.md,non iniziato,
Conductor's Companion,en-US/Conductors_Companion/A_Appendix/A1_Magic_Items_A_through_Z/I/_I.md,it-IT/Conductors_Companion/A_Appendix/A1_Magic_Items_A_through_Z/I/_I.md,non iniziato,
Conductor's Companion,en-US/Conductors_Companion/A_Appendix/A1_Magic_Items_A_through_Z/J/Javelin_of_Lightning.md,it-IT/Conductors_Companion/A_Appendix/A1_Magic_Items_A_through_Z/J/Javelin_of_Lightning.md,non iniziato,
Conductor's Companion,en-US/Conductors_Companion/A_Appendix/A1_Magic_Items_A_through_Z/J/_J.md,it-IT/Conductors_Companion/A_Appendix/A1_Magic_Items_A_through_Z/J/_J.md,non iniziato,
Conductor's Companion,en-US/Conductors_Companion/A_Appendix/A1_Magic_Items_A_through_Z/K/Kmylas_Playful_Fingerpaints.md,it-IT/Conductors_Companion/A_Appendix/A1_Magic_Items_A_through_Z/K/Kmylas_Playful_Fingerpaints.md,non iniziato,
Conductor's Companion,en-US/Conductors_Companion/A_Appendix/A1_Magic_Items_A_through_Z/K/_K.md,it-IT/Conductors_Companion/A_Appendix/A1_Magic_Items_A_through_Z/K/_K.md,non iniziato,
Conductor's Companion,en-US/Conductors_Companion/A_Appendix/A1_Magic_Items_A_through_Z/L/Lantern_of_Revealing.md,it-IT/Conductors_Companion/A_Appendix/A1_Magic_Items_A_through_Z/L/Lantern_of_Revealing.md,non iniziato,
Conductor's Companion,en-US/Conductors_Companion/A_Appendix/A1_Magic_Items_A_through_Z/L/Luck_Blade.md,it-IT/Conductors_Companion/A_Appendix/A1_Magic_Items_A_through_Z/L/Luck_Blade.md,non iniziato,
Conductor's Companion,en-US/Conductors_Companion/A_Appendix/A1_Magic_Items_A_through_Z/L/_L.md,it-IT/Conductors_Companion/A_Appendix/A1_Magic_Items_A_through_Z/L/_L.md,non iniziato,
Conductor's Companion,en-US/Conductors_Companion/A_Appendix/A1_Magic_Items_A_through_Z/M/Mace_of_Disruption.md,it-IT/Conductors_Companion/A_Appendix/A1_Magic_Items_A_through_Z/M/Mace_of_Disruption.md,non iniziato,
Conductor's Companion,en-US/Conductors_Companion/A_Appendix/A1_Magic_Items_A_through_Z/M/Mace_of_Smiting.md,it-IT/Conductors_Companion/A_Appendix/A1_Magic_Items_A_through_Z/M/Mace_of_Smiting.md,non iniziato,
Conductor's Companion,en-US/Conductors_Companion/A_Appendix/A1_Magic_Items_A_through_Z/M/Mace_of_Terror.md,it-IT/Conductors_Companion/A_Appendix/A1_Magic_Items_A_through_Z/M/Mace_of_Terror.md,non iniziato,
Conductor's Companion,en-US/Conductors_Companion/A_Appendix/A1_Magic_Items_A_through_Z/M/Mantle_of_Spell_Resistance.md,it-IT/Conductors_Companion/A_Appendix/A1_Magic_Items_A_through_Z/M/Mantle_of_Spell_Resistance.md,non iniziato,
Conductor's Companion,en-US/Conductors_Companion/A_Appendix/A1_Magic_Items_A_through_Z/M/Manual_of_Bodily_Health.md,it-IT/Conductors_Companion/A_Appendix/A1_Magic_Items_A_through_Z/M/Manual_of_Bodily_Health.md,non iniziato,
Conductor's Companion,en-US/Conductors_Companion/A_Appendix/A1_Magic_Items_A_through_Z/M/Manual_of_Gainful_Exercise.md,it-IT/Conductors_Companion/A_Appendix/A1_Magic_Items_A_through_Z/M/Manual_of_Gainful_Exercise.md,non iniziato,
Conductor's Companion,en-US/Conductors_Companion/A_Appendix/A1_Magic_Items_A_through_Z/M/Manual_of_Guardians.md,it-IT/Conductors_Companion/A_Appendix/A1_Magic_Items_A_through_Z/M/Manual_of_Guardians.md,non iniziato,
Conductor's Companion,en-US/Conductors_Companion/A_Appendix/A1_Magic_Items_A_through_Z/M/Manual_of_Quickness_of_Action.md,it-IT/Conductors_Companion/A_Appendix/A1_Magic_Items_A_through_Z/M/Manual_of_Quickness_of_Action.md,non iniziato,
Conductor's Companion,en-US/Conductors_Companion/A_Appendix/A1_Magic_Items_A_through_Z/M/Medallion_of_Thoughts.md,it-IT/Conductors_Companion/A_Appendix/A1_Magic_Items_A_through_Z/M/Medallion_of_Thoughts.md,non iniziato,
Conductor's Companion,en-US/Conductors_Companion/A_Appendix/A1_Magic_Items_A_through_Z/M/Mirror_of_Life_Trapping.md,it-IT/Conductors_Companion/A_Appendix/A1_Magic_Items_A_through_Z/M/Mirror_of_Life_Trapping.md,non iniziato,
Conductor's Companion,en-US/Conductors_Companion/A_Appendix/A1_Magic_Items_A_through_Z/M/Mithral_Armor.md,it-IT/Conductors_Companion/A_Appendix/A1_Magic_Items_A_through_Z/M/Mithral_Armor.md,non iniziato,
Conductor's Companion,en-US/Conductors_Companion/A_Appendix/A1_Magic_Items_A_through_Z/M/_M.md,it-IT/Conductors_Companion/A_Appendix/A1_Magic_Items_A_through_Z/M/_M.md,non iniziato,
Conductor's Companion,en-US/Conductors_Companion/A_Appendix/A1_Magic_Items_A_through_Z/Magic_Items_A_through_Z.md,it-IT/Conductors_Companion/A_Appendix/A1_Magic_Items_A_through_Z/Magic_Items_A_through_Z.md,non iniziato,
Conductor's Companion,en-US/Conductors_Companion/A_Appendix/A1_Magic_Items_A_through_Z/N/Necklace_of_Adaption.md,it-IT/Conductors_Companion/A_Appendix/A1_Magic_Items_A_through_Z/N/Necklace_of_Adaption.md,non iniziato,
Conductor's Companion,en-US/Conductors_Companion/A_Appendix/A1_Magic_Items_A_through_Z/N/Necklace_of_Fireballs.md,it-IT/Conductors_Companion/A_Appendix/A1_Magic_Items_A_through_Z/N/Necklace_of_Fireballs.md,non iniziato,
Conductor's Companion,en-US/Conductors_Companion/A_Appendix/A1_Magic_Items_A_through_Z/N/Necklace_of_Prayer_Beads.md,it-IT/Conductors_Companion/A_Appendix/A1_Magic_Items_A_through_Z/N/Necklace_of_Prayer_Beads.md,non iniziato,
Conductor's Companion,en-US/Conductors_Companion/A_Appendix/A1_Magic_Items_A_through_Z/N/Nine_Lives_Stealer.md,it-IT/Conductors_Companion/A_Appendix/A1_Magic_Items_A_through_Z/N/Nine_Lives_Stealer.md,non iniziato,
Conductor's Companion,en-US/Conductors_Companion/A_Appendix/A1_Magic_Items_A_through_Z/N/Nortengaals_Dart_Digits.md,it-IT/Conductors_Companion/A_Appendix/A1_Magic_Items_A_through_Z/N/Nortengaals_Dart_Digits.md,non iniziato,
Conductor's Companion,en-US/Conductors_Companion/A_Appendix/A1_Magic_Items_A_through_Z/N/_N.md,it-IT/Conductors_Companion/A_Appendix/A1_Magic_Items_A_through_Z/N/_N.md,non iniziato,
Conductor's Companion,en-US/Conductors_Companion/A_Appendix/A1_Magic_Items_A_through_Z/O/Oathbow.md,it-IT/Conductors_Companion/A_Appendix/A1_Magic_Items_A_through_Z/O/Oathbow.md,non iniziato,
Conductor's Companion,en-US/Conductors_Companion/A_Appendix/A1_Magic_Items_A_through_Z/O/Oil_of_Etherealness.md,it-IT/Conductors_Companion/A_Appendix/A1_Magic_Items_A_through_Z/O/Oil_of_Etherealness.md,non iniziato,
Conductor's Companion,en-US/Conductors_Companion/A_Appendix/A1_Magic_Items_A_through_Z/O/Oil_of_Sharpness.md,it-IT/Conductors_Companion/A_Appendix/A1_Magic_Items_A_through_Z/O/Oil_of_Sharpness.md,non iniziato,
Conductor's Companion,en-US/Conductors_Companion/A_Appendix/A1_Magic_Items_A_through_Z/O/Oil_of_Slipperiness.md,it-IT/Conductors_Companion/A_Appendix/A1_Magic_Items_A_through_Z/O/Oil_of_Slipperiness.md,non iniziato,
Conductor's Companion,en-US/Conductors_Companion/A_Appendix/A1_Magic_Items_A_through_Z/O/Orrelious_Quill_of_Relief_Writing.md,it-IT/Conductors_Companion/A_Appendix/A1_Magic_Items_A_through_Z/O/Orrelious_Quill_of_Relief_Writing.md,non iniziato,
Conductor's Companion,en-US/Conductors_Companion/A_Appendix/A1_Magic_Items_A_through_Z/O/_O.md,it-IT/Conductors_Companion/A_Appendix/A1_Magic_Items_A_through_Z/O/_O.md,non iniziato,
Conductor's Companion,en-US/Conductors_Companion/A_Appendix/A1_Magic_Items_A_through_Z/P/_P.md,it-IT/Conductors_Companion/A_Appendix/A1_Magic_Items_A_through_Z/P/_P.md,non iniziato,
Conductor's Companion,en-US/Conductors_Companion/A_Appendix/A1_Magic_Items_A_through_Z/R/Ring_of_Protection.md,it-IT/Conductors_Companion/A_Appendix/A1_Magic_Items_A_through_Z/R/Ring_of_Protection.md,non iniziato,
Conductor's Companion,en-US/Conductors_Companion/A_Appendix/A1_Magic_Items_A_through_Z/R/_R.md,it-IT/Conductors_Companion/A_Appendix/A1_Magic_Items_A_through_Z/R/_R.md,non iniziato,
Conductor's Companion,en-US/Conductors_Companion/A_Appendix/A1_Magic_Items_A_through_Z/S/_S.md,it-IT/Conductors_Companion/A_Appendix/A1_Magic_Items_A_through_Z/S/_S.md,non iniziato,
Conductor's Companion,en-US/Conductors_Companion/A_Appendix/A1_Magic_Items_A_through_Z/T/_T.md,it-IT/Conductors_Companion/A_Appendix/A1_Magic_Items_A_through_Z/T/_T.md,non iniziato,
Conductor's Companion,en-US/Conductors_Companion/A_Appendix/A1_Magic_Items_A_through_Z/U/_U.md,it-IT/Conductors_Companion/A_Appendix/A1_Magic_Items_A_through_Z/U/_U.md,non iniziato,
Conductor's Companion,en-US/Conductors_Companion/A_Appendix/A1_Magic_Items_A_through_Z/V/_V.md,it-IT/Conductors_Companion/A_Appendix/A1_Magic_Items_A_through_Z/V/_V.md,non iniziato,
Conductor's Companion,en-US/Conductors_Companion/A_Appendix/A1_Magic_Items_A_through_Z/W/Winged_Boots.md,it-IT/Conductors_Companion/A_Appendix/A1_Magic_Items_A_through_Z/W/Winged_Boots.md,non iniziato,
Conductor's Companion,en-US/Conductors_Companion/A_Appendix/A1_Magic_Items_A_through_Z/W/_W.md,it-IT/Conductors_Companion/A_Appendix/A1_Magic_Items_A_through_Z/W/_W.md,non iniziato,
Conductor's Companion,en-US/Conductors_Companion/A_Appendix/A1_Magic_Items_A_through_Z/Y/_Y.md,it-IT/Conductors_Companion/A_Appendix/A1_Magic_Items_A_through_Z/Y/_Y.md,non iniziato,
Conductor's Companion,en-US/Conductors_Companion/A_Appendix/A2_Adventure_Ideas_Generators/Chambers/Random_Chambers.md,it-IT/Conductors_Companion/A_Appendix/A2_Adventure_Ideas_Generators/Chambers/Random_Chambers.md,non iniziato,
Conductor's Companion,en-US/Conductors_Companion/A_Appendix/A2_Adventure_Ideas_Generators/Core/AIG_Chambers.md,it-IT/Conductors_Companion/A_Appendix/A2_Adventure_Ideas_Generators/Core/AIG_Chambers.md,non iniziato,
Conductor's Companion,en-US/Conductors_Companion/A_Appendix/A2_Adventure_Ideas_Generators/Core/AIG_Conditions_Descriptions_and_Origin.md,it-IT/Conductors_Companion/A_Appendix/A2_Adventure_Ideas_Generators/Core/AIG_Conditions_Descriptions_and_Origin.md,non iniziato,
Conductor's Companion,en-US/Conductors_Companion/A_Appendix/A2_Adventure_Ideas_Generators/Core/AIG_Dungeon_Discoveries.md,it-IT/Conductors_Companion/A_Appendix/A2_Adventure_Ideas_Generators/Core/AIG_Dungeon_Discoveries.md,non iniziato,
Conductor's Companion,en-US/Conductors_Companion/A_Appendix/A2_Adventure_Ideas_Generators/Core/AIG_Dungeon_Monsters.md,it-IT/Conductors_Companion/A_Appendix/A2_Adventure_Ideas_Generators/Core/AIG_Dungeon_Monsters.md,non iniziato,
Conductor's Companion,en-US/Conductors_Companion/A_Appendix/A2_Adventure_Ideas_Generators/Core/AIG_Dungeon_Wall_Decorations.md,it-IT/Conductors_Companion/A_Appendix/A2_Adventure_Ideas_Generators/Core/AIG_Dungeon_Wall_Decorations.md,non iniziato,
Conductor's Companion,en-US/Conductors_Companion/A_Appendix/A2_Adventure_Ideas_Generators/Core/AIG_Quests.md,it-IT/Conductors_Companion/A_Appendix/A2_Adventure_Ideas_Generators/Core/AIG_Quests.md,non iniziato,
Conductor's Companion,en-US/Conductors_Companion/A_Appendix/A2_Adventure_Ideas_Generators/Core/AIG_Spells.md,it-IT/Conductors_Companion/A_Appendix/A2_Adventure_Ideas_Generators/Core/AIG_Spells.md,non iniziato,
Conductor's Companion,en-US/Conductors_Companion/A_Appendix/A2_Adventure_Ideas_Generators/Core/AIG_Traps_and_Hazards.md,it-IT/Conductors_Companion/A_Appendix/A2_Adventure_Ideas_Generators/Core/AIG_Traps_and_Hazards.md,non iniziato,
Conductor's Companion,en-US/Conductors_Companion/A_Appendix/A2_Adventure_Ideas_Generators/Core/AIG_Travel_Scenery.md,it-IT/Conductors_Companion/A_Appendix/A2_Adventure_Ideas_Generators/Core/AIG_Travel_Scenery.md,non iniziato,
Conductor's Companion,en-US/Conductors_Companion/A_Appendix/A2_Adventure_Ideas_Generators/Core/AIG_Treasure.md,it-IT/Conductors_Companion/A_Appendix/A2_Adventure_Ideas_Generators/Core/AIG_Treasure.md,non iniziato,
Conductor's Companion,en-US/Conductors_Companion/A_Appendix/A2_Adventure_Ideas_Generators/Items/Magic_Item_Tables.md,it-IT/Conductors_Companion/A_Appendix/A2_Adventure_Ideas_Generators/Items/Magic_Item_Tables.md,non iniziato,
Conductor's Companion,en-US/Conductors_Companion/A_Appendix/A2_Adventure_Ideas_Generators/Items/Random_Items.md,it-IT/Conductors_Companion/A_Appendix/A2_Adventure_Ideas_Generators/Items/Random_Items.md,non iniziato,
Conductor's Companion,en-US/Conductors_Companion/A_Appendix/A2_Adventure_Ideas_Generators/Monuments/Random_Monuments.md,it-IT/Conductors_Companion/A_Appendix/A2_Adventure_Ideas_Generators/Monuments/Random_Monuments.md,non iniziato,
Conductor's Companion,en-US/Conductors_Companion/A_Appendix/A2_Adventure_Ideas_Generators/Town_Events/Random_Town_Events.md,it-IT/Conductors_Companion/A_Appendix/A2_Adventure_Ideas_Generators/Town_Events/Random_Town_Events.md,non iniziato,
Conductor's Companion,en-US/Conductors_Companion/A_Appendix/A3_Sample_Location/Sample_Location.md,it-IT/Conductors_Companion/A_Appendix/A3_Sample_Location/Sample_Location.md,non iniziato,
Conductor's Companion,en-US/Conductors_Companion/A_Appendix/A3_Sample_Location/Whitesparrow/Whitesparrow.md,it-IT/Conductors_Companion/A_Appendix/A3_Sample_Location/Whitesparrow/Whitesparrow.md,non iniziato,
Conductor's Companion,en-US/Conductors_Companion/A_Appendix/A3_Sample_Location/Whitesparrow/Whitesparrow_Locations.md,it-IT/Conductors_Companion/A_Appendix/A3_Sample_Location/Whitesparrow/Whitesparrow_Locations.md,non iniziato,
Conductor's Companion,en-US/Conductors_Companion/A_Appendix/A3_Sample_Location/Whitesparrow/Whitesparrow_NPCs.md,it-IT/Conductors_Companion/A_Appendix/A3_Sample_Location/Whitesparrow/Whitesparrow_NPCs.md,non iniziato,
Conductor's Companion,en-US/Conductors_Companion/A_Appendix/A4_Sample_Adventure/Boiling_Point/Boiling_Point.md,it-IT/Conductors_Companion/A_Appendix/A4_Sample_Adventure/Boiling_Point/Boiling_Point.md,non iniziato,
Conductor's Companion,en-US/Conductors_Companion/A_Appendix/A4_Sample_Adventure/Boiling_Point/Boiling_Point_1_Review_Characters.md,it-IT/Conductors_Companion/A_Appendix/A4_Sample_Adventure/Boiling_Point/Boiling_Point_1_Review_Characters.md,non iniziato,
Conductor's Companion,en-US/Conductors_Companion/A_Appendix/A4_Sample_Adventure/Boiling_Point/Boiling_Point_2_Strong_Start.md,it-IT/Conductors_Companion/A_Appendix/A4_Sample_Adventure/Boiling_Point/Boiling_Point_2_Strong_Start.md,non iniziato,
Conductor's Companion,en-US/Conductors_Companion/A_Appendix/A4_Sample_Adventure/Boiling_Point/Boiling_Point_3_Collapsing_Cellar.md,it-IT/Conductors_Companion/A_Appendix/A4_Sample_Adventure/Boiling_Point/Boiling_Point_3_Collapsing_Cellar.md,non iniziato,
Conductor's Companion,en-US/Conductors_Companion/A_Appendix/A4_Sample_Adventure/Boiling_Point/Boiling_Point_4_Steam-Filled_Tunnels.md,it-IT/Conductors_Companion/A_Appendix/A4_Sample_Adventure/Boiling_Point/Boiling_Point_4_Steam-Filled_Tunnels.md,non iniziato,
Conductor's Companion,en-US/Conductors_Companion/A_Appendix/A4_Sample_Adventure/Boiling_Point/Boiling_Point_5_Scalding_Chamber.md,it-IT/Conductors_Companion/A_Appendix/A4_Sample_Adventure/Boiling_Point/Boiling_Point_5_Scalding_Chamber.md,non iniziato,
Conductor's Companion,en-US/Conductors_Companion/A_Appendix/A4_Sample_Adventure/Boiling_Point/Boiling_Point_6_Secrets_and_Clues.md,it-IT/Conductors_Companion/A_Appendix/A4_Sample_Adventure/Boiling_Point/Boiling_Point_6_Secrets_and_Clues.md,non iniziato,
Conductor's Companion,en-US/Conductors_Companion/A_Appendix/A4_Sample_Adventure/Boiling_Point/Boiling_Point_7_Resolution.md,it-IT/Conductors_Companion/A_Appendix/A4_Sample_Adventure/Boiling_Point/Boiling_Point_7_Resolution.md,non iniziato,
Conductor's Companion,en-US/Conductors_Companion/A_Appendix/A4_Sample_Adventure/Boiling_Point/Boiling_Point_8_Rewards_and_Advancement.md,it-IT/Conductors_Companion/A_Appendix/A4_Sample_Adventure/Boiling_Point/Boiling_Point_8_Rewards_and_Advancement.md,non iniziato,
Conductor's Companion,en-US/Conductors_Companion/A_Appendix/A4_Sample_Adventure/Boiling_Point/Boiling_Point_Conclusion.md,it-IT/Conductors_Companion/A_Appendix/A4_Sample_Adventure/Boiling_Point/Boiling_Point_Conclusion.md,non iniziato,
Conductor's Companion,en-US/Conductors_Companion/A_Appendix/A4_Sample_Adventure/Boiling_Point/Boiling_Point_Summary.md,it-IT/Conductors_Companion/A_Appendix/A4_Sample_Adventure/Boiling_Point/Boiling_Point_Summary.md,non iniziato,
Conductor's Companion,en-US/Conductors_Companion/A_Appendix/A4_Sample_Adventure/Sample_Adventure.md,it-IT/Conductors_Companion/A_Appendix/A4_Sample_Adventure/Sample_Adventure.md,non iniziato,
Conductor's Companion,en-US/Conductors_Companion/A_Appendix/A4_Sample_Adventure/The_Night_Blade/Night_Blade_Conclusion.md,it-IT/Conductors_Companion/A_Appendix/A4_Sample_Adventure/The_Night_Blade/Night_Blade_Conclusion.md,non iniziato,
Conductor's Companion,en-US/Conductors_Companion/A_Appendix/A4_Sample_Adventure/The_Night_Blade/Night_Blade_Customizing.md,it-IT/Conductors_Companion/A_Appendix/A4_Sample_Adventure/The_Night_Blade/Night_Blade_Customizing.md,non iniziato,
Conductor's Companion,en-US/Conductors_Companion/A_Appendix/A4_Sample_Adventure/The_Night_Blade/Night_Blade_Expanding.md,it-IT/Conductors_Companion/A_Appendix/A4_Sample_Adventure/The_Night_Blade/Night_Blade_Expanding.md,non iniziato,
Conductor's Companion,en-US/Conductors_Companion/A_Appendix/A4_Sample_Adventure/The_Night_Blade/Night_Blade_Locations.md,it-IT/Conductors_Companion/A_Appendix/A4_Sample_Adventure/The_Night_Blade/Night_Blade_Locations.md,non iniziato,
Conductor's Companion,en-US/Conductors_Companion/A_Appendix/A4_Sample_Adventure/The_Night_Blade/Night_Blade_NPCs.md,it-IT/Conductors_Companion/A_Appendix/A4_Sample_Adventure/The_Night_Blade/Night_Blade_NPCs.md,non iniziato,
Conductor's Companion,en-US/Conductors_Companion/A_Appendix/A4_Sample_Adventure/The_Night_Blade/Night_Blade_Secrets_and_Clues.md,it-IT/Conductors_Companion/A_Appendix/A4_Sample_Adventure/The_Night_Blade/Night_Blade_Secrets_and_Clues.md,non iniziato,
Conductor's Companion,en-US/Conductors_Companion/A_Appendix/A4_Sample_Adventure/The_Night_Blade/Night_Blade_Start.md,it-IT/Conductors_Companion/A_Appendix/A4_Sample_Adventure/The_Night_Blade/Night_Blade_Start.md,non iniziato,
Conductor's Companion,en-US/Conductors_Companion/A_Appendix/A4_Sample_Adventure/The_Night_Blade/Night_Blade_Summary.md,it-IT/Conductors_Companion/A_Appendix/A4_Sample_Adventure/The_Night_Blade/Night_Blade_Summary.md,non iniziato,
Conductor's Companion,en-US/Conductors_Companion/A_Appendix/A4_Sample_Adventure/The_Night_Blade/The_Night_Blade.md,it-IT/Conductors_Companion/A_Appendix/A4_Sample_Adventure/The_Night_Blade/The_Night_Blade.md,non iniziato,
Conductor's Companion,en-US/Conductors_Companion/A_Appendix/A5_Solo_Free5e/Solo_Free5e.md,it-IT/Conductors_Companion/A_Appendix/A5_Solo_Free5e/Solo_Free5e.md,non iniziato,
Conductor's Companion,en-US/Conductors_Companion/A_Appendix/A5_Solo_Free5e/Solo_Rules/Building_the_Quest.md,it-IT/Conductors_Companion/A_Appendix/A5_Solo_Free5e/Solo_Rules/Building_the_Quest.md,non iniziato,
Conductor's Companion,en-US/Conductors_Companion/A_Appendix/A5_Solo_Free5e/Solo_Rules/Exploring_the_Dungeon.md,it-IT/Conductors_Companion/A_Appendix/A5_Solo_Free5e/Solo_Rules/Exploring_the_Dungeon.md,non iniziato,
Conductor's Companion,en-US/Conductors_Companion/A_Appendix/A5_Solo_Free5e/Solo_Rules/Monster_Encounters.md,it-IT/Conductors_Companion/A_Appendix/A5_Solo_Free5e/Solo_Rules/Monster_Encounters.md,non iniziato,
Conductor's Companion,en-US/Conductors_Companion/A_Appendix/A5_Solo_Free5e/Solo_Rules/Monuments.md,it-IT/Conductors_Companion/A_Appendix/A5_Solo_Free5e/Solo_Rules/Monuments.md,non iniziato,
Conductor's Companion,en-US/Conductors_Companion/A_Appendix/A5_Solo_Free5e/Solo_Rules/Traps_and_Hazards.md,it-IT/Conductors_Companion/A_Appendix/A5_Solo_Free5e/Solo_Rules/Traps_and_Hazards.md,non iniziato,
Conductor's Companion,en-US/Conductors_Companion/A_Appendix/A5_Solo_Free5e/Solo_Rules/Treasure.md,it-IT/Conductors_Companion/A_Appendix/A5_Solo_Free5e/Solo_Rules/Treasure.md,non iniziato,
Conductor's Companion,en-US/Conductors_Companion/A_Appendix/Appendix.md,it-IT/Conductors_Companion/A_Appendix/Appendix.md,non iniziato,
Conductor's Companion,en-US/Conductors_Companion/Conductors_Companion.md,it-IT/Conductors_Companion/Conductors_Companion.md,non iniziato,
Conductor's Companion,en-US/Conductors_Companion/Legal.md,it-IT/Conductors_Companion/Legal.md,non iniziato,
5e to Free5e Migration Guide,en-US/Migration_Guide/5e_Migration_Guide.md,it-IT/Migration_Guide/5e_Migration_Guide.md,non iniziato,
Monstrous Manuscript,en-US/Monstrous_Manuscript/01_Monster_Information/Monster_Information.md,it-IT/Monstrous_Manuscript/01_Monster_Information/Monster_Information.md,non iniziato,
Monstrous Manuscript,en-US/Monstrous_Manuscript/02_Monsters_A-Z/Monsters/Aboleth.md,it-IT/Monstrous_Manuscript/02_Monsters_A-Z/Monsters/Aboleth.md,non iniziato,
Monstrous Manuscript,en-US/Monstrous_Manuscript/02_Monsters_A-Z/Monsters_A-Z.md,it-IT/Monstrous_Manuscript/02_Monsters_A-Z/Monsters_A-Z.md,non iniziato,
Monstrous Manuscript,en-US/Monstrous_Manuscript/03_Nonplayer_Characters/NPCs/Acolyte.md,it-IT/Monstrous_Manuscript/03_Nonplayer_Characters/NPCs/Acolyte.md,non iniziato,
Monstrous Manuscript,en-US/Monstrous_Manuscript/03_Nonplayer_Characters/Nonplayer_Characters.md,it-IT/Monstrous_Manuscript/03_Nonplayer_Characters/Nonplayer_Characters.md,non iniziato,
Monstrous Manuscript,en-US/Monstrous_Manuscript/04_Monster_Templates/Monster_Templates.md,it-IT/Monstrous_Manuscript/04_Monster_Templates/Monster_Templates.md,non iniziato,
Monstrous Manuscript,en-US/Monstrous_Manuscript/05_Monster_Encounter_Tables/Monster_Encounter_Tables.md,it-IT/Monstrous_Manuscript/05_Monster_Encounter_Tables/Monster_Encounter_Tables.md,non iniziato,
Monstrous Manuscript,en-US/Monstrous_Manuscript/Credits/Artists.md,it-IT/Monstrous_Manuscript/Credits/Artists.md,non iniziato,
Monstrous Manuscript,en-US/Monstrous_Manuscript/Credits/Credits.md,it-IT/Monstrous_Manuscript/Credits/Credits.md,non iniziato,
Monstrous Manuscript,en-US/Monstrous_Manuscript/Credits/Primary_Sources.md,it-IT/Monstrous_Manuscript/Credits/Primary_Sources.md,non iniziato,
Monstrous Manuscript,en-US/Monstrous_Manuscript/Legal.md,it-IT/Monstrous_Manuscript/Legal.md,non iniziato,
Monstrous Manuscript,en-US/Monstrous_Manuscript/Monstrous_Manuscript.md,it-IT/Monstrous_Manuscript/Monstrous_Manuscript.md,non iniziato,
